,DVN,MRO,CTRA,PSX,HAL,MPC,KMI,OXY,HES,VLO,XOM,CVX,BKR,FANG,EOG,COP,PXD,OKE,APA,WMB,SLB
0,9.96,5.13,3.31,60.27,11.79,35.31,14.19,16.16,45.33,53.23,42.66,85.4,15.06,37.1,44.95,39.66,91.0,26.59,12.52,18.56,17.38
1,10.43,5.37,3.31,61.96,12.48,36.2,14.55,16.68,47.48,54.4,44.07,88.35,15.56,39.28,47.28,41.31,95.66,27.22,13.51,19.1,18.39
2,10.74,5.69,3.4,65.46,13.0,37.57,14.96,17.18,48.66,57.23,44.63,88.89,15.6,39.9,47.46,41.62,96.59,28.83,13.82,20.08,18.9
3,10.67,5.72,3.43,64.87,13.09,37.39,14.99,17.01,48.67,56.58,44.28,88.36,15.39,39.51,47.82,41.59,96.82,28.85,13.87,19.9,18.82
4,10.29,5.51,3.43,63.84,13.08,37.93,14.92,16.28,47.87,55.47,43.52,87.19,15.27,39.02,47.16,39.96,96.52,28.67,13.29,19.77,18.62
5,10.27,5.49,3.34,62.33,13.41,36.75,14.5,15.69,48.2,54.33,42.5,85.27,15.05,38.58,47.7,39.33,96.91,28.25,13.6,19.29,18.44
6,11.35,5.86,3.29,66.42,14.32,38.54,15.09,17.41,52.26,57.58,44.65,91.39,16.31,42.11,50.42,41.66,102.72,29.98,14.9,20.11,19.56
7,11.07,5.79,3.12,65.25,14.18,38.73,14.89,16.95,52.09,57.07,43.61,91.04,16.46,41.7,50.19,40.89,102.51,29.5,14.51,19.45,19.17
8,10.88,5.76,3.26,65.18,14.75,38.88,14.49,16.82,51.04,57.67,43.7,91.01,16.69,41.07,48.85,40.46,100.66,28.96,14.39,19.32,19.3
9,10.7,5.72,3.7,65.06,14.71,38.7,14.25,16.74,50.46,57.98,43.43,90.13,16.37,40.73,49.04,40.28,99.68,28.72,14.2,19.21,19.48
10,10.43,5.63,3.47,64.59,14.9,38.52,14.2,16.7,50.29,58.03,44.07,91.04,16.33,40.05,48.56,39.77,98.52,28.02,13.685,18.83,19.68
11,10.34,5.53,3.62,63.58,14.65,38.12,14.12,16.35,48.1,56.89,43.55,89.11,15.87,38.88,47.27,38.96,96.55,28.06,13.32,18.87,19.15
12,10.84,5.74,4.26,65.58,15.07,39.91,14.53,17.03,50.0,59.69,44.03,90.07,15.81,40.76,48.5,39.94,98.54,29.72,13.65,19.77,19.43
13,10.34,5.51,4.39,63.09,14.67,38.08,14.32,15.77,47.54,56.33,41.87,86.27,15.33,39.51,46.58,37.64,95.85,29.04,16.01,19.34,18.44
14,10.49,5.49,3.97,62.02,14.33,38.2,14.1,15.74,49.21,56.23,42.08,83.94,15.49,39.86,46.85,37.39,96.92,27.91,15.35,19.13,18.14
15,10.6,5.52,4.13,61.12,14.53,38.57,14.03,15.25,49.84,53.91,42.25,84.81,15.63,40.01,46.37,36.71,97.84,28.12,15.72,19.72,18.72
16,11.09,5.78,4.13,61.85,15.11,37.69,14.5,15.74,50.68,53.02,43.47,86.49,16.19,41.07,48.46,37.64,99.52,29.19,15.88,21.34,19.23
17,12.04,5.98,3.75,61.96,15.32,36.43,14.44,15.94,53.61,51.62,43.85,87.2,16.76,41.63,50.75,38.02,102.65,30.49,16.24,21.29,19.5
18,11.77,5.68,3.6,60.97,14.82,35.73,14.3,15.45,53.39,51.48,43.64,87.47,16.77,40.73,50.89,38.05,102.36,29.11,15.6,20.82,19.32
19,12.11,5.74,4.0,62.87,14.89,36.67,14.32,15.45,53.03,52.66,43.44,86.8,16.57,42.01,48.81,38.3,104.28,29.47,15.54,20.85,19.63
20,12.64,6.04,4.55,64.87,15.61,37.13,14.54,16.48,55.14,53.55,44.51,89.73,17.26,44.67,50.46,39.64,108.99,30.22,16.28,21.54,20.22
21,12.36,5.94,4.72,64.11,16.14,36.95,14.42,15.16,53.52,53.65,44.97,89.62,17.18,44.45,49.42,39.71,106.56,30.03,15.59,21.42,20.3
22,12.51,5.98,4.71,64.41,16.71,38.13,14.49,14.92,53.83,55.12,44.09,90.72,17.53,44.57,49.09,41.66,110.5,29.94,15.75,21.61,20.36
23,11.84,5.89,4.52,62.63,16.65,37.26,14.27,14.6,52.73,53.19,43.01,89.82,17.12,44.58,47.42,40.63,109.94,28.81,15.42,21.57,19.87
24,12.12,6.05,4.69,63.66,16.63,38.35,14.29,14.64,53.78,54.46,43.2,90.35,17.23,45.51,47.97,40.82,110.73,29.49,15.62,22.13,20.07
25,11.74,5.92,4.51,62.36,16.65,38.65,14.44,13.91,52.47,55.6,42.64,90.77,16.67,45.08,46.54,40.7,108.61,28.98,15.335,22.34,20.01
26,11.34,5.95,4.75,61.31,16.45,37.24,14.38,13.95,50.02,54.74,42.43,87.63,16.46,44.49,46.35,40.33,107.7,28.08,15.25,21.8,19.77
27,11.09,5.73,4.6,61.42,16.49,37.18,14.12,13.82,48.49,54.26,41.96,86.39,16.33,43.3,45.61,39.65,104.77,27.86,15.34,21.65,19.72
28,10.69,5.51,4.69,60.97,16.01,35.62,14.06,13.4,48.14,52.7,41.32,84.81,15.73,40.63,44.1,38.77,102.67,27.55,14.74,21.4,18.77
29,10.44,5.27,4.49,60.97,15.74,35.4,14.11,13.16,47.51,52.62,41.01,85.08,15.45,39.21,43.39,38.16,102.11,26.88,14.26,21.41,18.58
30,10.78,5.45,4.52,63.65,16.29,36.81,14.24,13.62,47.83,54.99,42.22,87.2,15.91,40.05,44.33,38.87,104.75,27.26,14.455,21.68,19.55
31,10.98,5.49,4.32,61.63,16.15,36.45,13.96,13.51,48.32,54.25,40.88,86.13,15.65,41.06,44.38,38.85,106.92,27.26,14.65,21.39,19.26
32,10.7,5.3,3.97,60.03,15.81,35.33,13.73,12.96,46.3,53.7,40.01,84.78,15.05,39.39,43.26,37.56,104.41,26.56,14.08,21.05,18.67
33,10.76,5.36,3.84,60.26,16.02,34.98,13.86,13.04,46.42,53.44,39.74,84.91,14.73,39.77,44.95,38.15,105.38,27.04,14.6,20.96,18.7
34,11.1,5.39,4.33,61.79,16.27,37.09,14.18,13.13,46.94,54.89,40.69,85.63,14.8,40.14,46.21,38.38,105.6,28.08,15.045,21.07,19.42
35,10.87,5.28,4.14,58.47,16.18,35.46,13.82,12.74,46.04,52.59,39.94,83.93,14.28,38.96,45.34,37.89,103.93,27.48,14.8,20.76,19.01
36,10.91,5.32,4.18,58.79,16.23,34.97,13.87,12.48,45.94,52.47,39.43,83.08,13.88,38.48,45.21,37.16,102.98,27.15,14.94,20.96,18.63
37,10.66,5.12,4.12,60.05,16.25,35.01,13.84,12.4,45.89,52.91,39.19,83.19,14.11,36.32,43.7,36.38,100.92,27.31,14.42,21.28,18.77
38,10.47,4.99,4.23,59.69,16.12,34.26,13.64,12.59,46.41,52.33,39.11,82.28,14.55,35.77,43.13,35.99,98.38,26.91,14.39,20.9,19.12
39,10.55,4.93,4.04,58.98,15.99,33.64,13.52,12.25,47.15,51.22,39.08,81.93,14.53,35.53,43.14,35.86,99.1,26.76,14.6,20.69,19.31
40,9.62,4.5,3.98,57.96,14.81,32.33,13.25,11.06,45.7,48.73,38.18,78.97,13.99,31.99,40.83,34.06,94.36,26.15,13.04,20.48,18.38
41,9.58,4.54,4.0,57.87,15.06,31.77,13.22,11.07,46.95,47.75,37.95,80.03,14.12,32.185,41.86,34.46,96.6,26.48,13.15,21.02,18.61
42,8.87,4.36,4.12,55.36,14.28,30.27,12.91,10.19,43.52,45.63,37.0,78.15,13.87,30.08,38.0,32.92,91.45,26.03,12.01,20.18,17.71
43,8.97,4.47,4.28,57.07,14.27,31.25,12.82,10.22,43.25,46.39,36.9,77.69,13.95,29.62,39.05,33.11,92.07,26.34,11.885,20.23,17.87
44,9.12,4.4,4.69,58.37,14.33,32.02,13.06,10.17,43.84,47.51,36.66,77.29,14.63,31.06,39.17,33.52,93.35,27.3,11.93,20.85,18.03
45,9.23,4.34,5.37,58.05,14.44,31.09,12.91,10.71,42.85,46.56,36.27,76.35,14.71,30.5,38.59,33.8,94.63,26.29,11.94,20.87,18.2
46,9.76,4.56,6.01,60.51,15.07,32.36,13.35,11.64,44.2,49.1,37.81,78.56,15.01,32.91,40.86,35.08,97.55,28.07,12.5,21.42,19.18
47,9.95,4.68,6.0,60.35,14.82,32.12,13.29,11.86,44.25,49.0,37.8,78.79,15.19,33.79,41.19,36.09,97.08,28.03,12.42,21.31,19.08
48,9.78,4.82,8.14,59.82,14.45,32.28,13.08,11.65,43.02,48.71,37.19,78.21,15.17,33.77,40.71,35.87,95.78,27.54,12.65,20.74,18.73
49,9.27,4.56,7.77,55.92,13.22,31.25,12.86,11.29,41.15,47.36,36.43,76.3,14.33,32.08,38.81,34.36,91.92,26.44,12.11,20.67,17.27
50,9.2,4.47,8.66,55.36,13.33,31.04,12.8,11.08,41.23,47.42,35.53,75.53,14.4,31.61,38.45,34.3,92.52,25.67,12.24,20.81,17.33
51,8.68,4.21,9.1,52.63,12.65,28.73,12.23,10.41,39.4,44.51,34.39,71.95,13.53,29.9,36.38,32.92,86.9,24.54,11.1,19.91,16.61
52,8.96,4.31,7.93,52.85,12.52,28.62,12.28,10.64,39.45,44.58,34.32,71.8,13.32,29.99,36.65,33.6,86.56,24.48,10.9,19.93,16.62
53,8.82,4.14,8.27,52.88,12.37,28.63,12.37,10.22,40.48,43.92,34.64,71.83,13.13,29.9,37.45,33.7,85.9,25.01,9.85,19.98,15.92
54,9.8,4.29,8.18,53.98,12.76,29.95,12.61,10.34,41.03,44.82,35.31,73.93,13.47,31.49,37.44,33.71,88.31,26.01,10.27,20.4,16.45
55,9.57,4.16,7.33,52.19,12.07,29.43,12.45,9.99,40.69,43.41,34.28,71.9,13.13,31.2,36.19,32.46,86.4,26.67,9.54,20.26,15.6
56,9.46,4.09,7.32,51.84,12.05,29.34,12.33,10.01,40.93,43.32,34.33,72.0,13.29,30.12,35.94,32.84,85.99,25.98,9.47,19.65,15.56
57,9.1,3.95,7.42,50.28,11.17,27.71,12.24,9.68,38.98,40.28,33.13,70.42,12.76,29.09,34.86,32.43,84.57,25.27,9.31,18.78,15.01
58,9.6,4.12,7.92,51.06,11.31,28.27,12.31,9.87,37.71,40.73,32.98,71.19,12.65,30.47,34.81,33.07,86.54,26.53,9.74,19.09,15.57
59,10.15,4.23,7.81,52.55,11.93,29.24,12.6,10.51,39.36,43.07,33.74,72.7,12.96,30.87,36.46,34.28,89.32,27.61,9.84,19.54,16.07
60,9.73,4.04,7.89,51.06,11.85,28.83,12.27,10.13,37.97,42.33,33.39,72.3,12.76,29.21,35.99,33.3,88.03,27.06,9.42,19.33,15.67
61,9.87,4.13,8.2,51.93,11.93,29.21,12.59,10.28,37.68,42.35,33.5,73.78,12.97,29.47,36.71,34.33,88.94,27.81,9.57,19.39,15.95
62,10.32,4.38,8.71,53.64,12.81,31.12,13.13,11.18,38.59,44.36,35.26,75.22,13.38,31.12,37.67,35.53,89.48,29.41,10.14,19.99,16.43
63,10.07,4.26,8.06,53.04,12.58,30.12,12.82,10.82,38.06,43.64,34.74,74.0,13.2,30.69,37.56,35.13,88.07,29.05,9.67,19.42,16.23
64,9.86,4.29,8.0,53.46,12.73,30.49,12.78,10.81,38.64,43.09,34.63,74.51,13.13,31.2,38.21,35.59,88.68,29.17,9.31,19.45,16.12
65,9.5,4.23,7.62,51.27,12.54,29.38,12.61,10.52,38.65,41.43,34.22,73.4,12.86,30.41,38.64,34.88,88.15,29.45,9.14,19.42,15.73
66,9.32,4.2,7.81,52.08,12.72,29.91,12.96,10.45,38.59,41.71,34.15,72.95,13.15,30.49,37.62,34.53,90.09,29.95,9.2,19.68,15.95
67,9.42,4.27,7.37,52.51,13.07,30.54,12.99,10.61,39.32,41.56,34.45,73.51,13.45,30.63,38.08,35.4,92.22,29.82,9.76,19.71,16.42
68,8.95,4.07,7.35,50.58,12.25,29.37,12.86,10.09,38.06,40.22,34.1,72.89,13.14,29.29,37.42,33.77,90.26,28.9,9.37,19.27,14.97
69,8.86,3.98,7.33,48.95,12.17,28.25,12.71,9.82,36.6,39.29,33.42,71.28,13.11,28.04,36.19,32.7,87.05,28.29,9.06,19.29,15.01
70,8.97,4.15,7.58,49.59,12.74,29.24,12.68,10.07,37.85,40.7,33.7,71.68,13.63,28.45,36.28,32.58,83.53,28.92,9.61,19.69,15.49
71,8.63,4.1,7.65,48.72,12.67,28.82,12.53,9.66,37.19,40.54,33.16,70.87,14.04,27.71,35.12,30.64,78.44,28.43,9.1,19.3,15.01
72,9.34,4.37,8.13,50.01,13.04,29.51,12.96,10.17,39.25,41.28,34.86,73.4,14.46,29.17,36.93,31.91,83.0,30.67,9.44,20.31,15.3
73,9.36,4.44,8.38,50.48,13.31,29.89,12.78,10.02,39.37,41.97,34.16,72.57,14.29,29.03,37.51,32.54,85.54,30.55,9.28,19.96,15.4
74,8.81,4.13,8.04,48.14,12.79,28.6,12.38,9.46,37.43,39.54,33.35,70.94,13.9,27.525,34.93,30.32,82.8,29.51,8.56,19.2,15.17
75,8.69,4.13,7.95,47.07,12.51,28.19,12.17,9.27,37.4,38.26,32.82,69.51,14.17,26.57,34.58,30.26,83.78,29.32,8.345,19.42,15.09
76,8.1,3.85,7.48,44.22,11.42,27.5,11.83,8.88,36.12,36.19,31.57,66.88,13.7,24.6,32.51,28.79,80.33,29.09,7.79,18.86,14.18
77,8.45,3.99,6.85,45.98,11.62,28.83,12.06,9.13,37.18,37.53,32.97,68.8,14.35,25.54,33.97,29.16,81.42,30.4,8.19,19.1,14.45
78,8.93,3.96,6.45,46.66,12.06,29.5,11.9,9.13,37.22,38.61,32.62,69.5,14.77,25.96,34.24,28.62,79.56,29.0,8.3,19.19,14.94
79,9.43,4.15,6.94,47.96,12.8,31.3,11.89,9.65,38.04,39.9,33.99,72.15,15.71,27.71,35.15,30.23,82.8,29.23,8.885,18.77,15.58
80,9.64,4.14,7.59,47.52,12.99,31.91,11.99,9.69,36.91,39.48,33.41,71.74,15.88,28.12,35.02,29.31,82.2,28.92,8.73,18.98,15.76
81,9.81,4.27,6.64,47.92,12.71,31.7,11.83,9.81,37.22,38.97,33.23,71.77,15.66,27.12,36.04,30.38,83.5,28.6,8.99,19.09,15.97
82,10.05,4.29,7.26,48.19,12.57,31.83,11.9,10.47,37.0,39.53,33.17,72.14,15.73,26.2,35.6,30.12,79.58,28.54,8.97,19.11,15.52
83,9.77,4.13,7.53,46.68,12.28,31.58,11.48,10.01,36.49,38.17,32.78,71.15,15.57,24.74,34.58,29.19,77.34,26.89,8.535,18.26,15.22
84,11.33,5.09,7.98,57.03,14.38,36.47,12.3,12.23,43.39,50.08,36.93,79.4,17.67,32.4,40.31,33.38,88.37,31.35,9.75,19.35,18.25
85,11.76,5.07,8.32,58.14,14.38,37.64,12.89,12.38,44.79,49.96,36.86,83.07,17.6,33.725,42.19,35.53,91.75,32.54,9.99,19.99,18.31
86,11.66,5.07,8.31,58.98,14.18,37.19,13.03,11.9,44.0,49.79,36.48,82.46,17.56,32.85,41.91,35.28,90.64,32.12,9.95,20.02,17.71
87,11.22,4.82,8.03,54.85,13.92,34.7,12.71,11.31,41.59,47.28,35.23,80.67,17.25,31.66,40.49,34.01,86.27,30.77,9.7,19.34,17.3
88,11.78,5.06,8.31,58.76,14.33,37.56,13.13,11.8,43.42,50.92,36.08,83.03,17.87,33.6,42.67,35.36,90.67,31.66,10.32,20.04,18.0
89,12.53,5.48,8.25,62.62,15.46,40.73,13.67,12.7,46.82,55.67,38.16,88.96,18.79,35.93,45.35,38.08,94.71,32.35,11.14,20.23,20.04
90,13.11,5.5,8.1,64.34,15.81,40.61,14.03,12.99,47.31,54.15,38.67,87.04,19.26,37.31,45.67,38.85,95.91,33.31,11.44,20.83,20.09
91,12.76,5.49,7.75,60.75,15.39,38.54,13.76,12.87,46.03,51.25,37.21,84.28,18.58,37.74,44.93,39.18,94.61,32.31,11.04,20.0,19.97
92,13.56,5.69,7.54,61.45,16.0,39.08,14.4,13.36,47.07,51.21,37.4,85.73,18.31,39.44,45.46,39.47,96.63,33.3,11.35,20.16,20.46
93,13.16,5.6,7.21,61.59,15.9,38.26,14.25,13.49,46.54,50.82,36.94,85.79,18.21,39.84,45.39,39.65,95.81,32.96,11.44,20.34,20.21
94,14.48,6.17,7.14,65.84,17.32,41.22,14.62,15.76,49.94,56.09,39.36,91.03,19.26,44.49,50.38,42.71,104.5,35.18,12.86,21.28,21.61
95,15.3,6.45,7.69,67.72,17.91,42.45,14.97,16.78,53.64,58.49,41.98,95.62,20.26,47.14,54.42,44.41,111.35,37.66,14.04,21.96,22.23
96,15.12,6.43,7.79,66.26,17.86,41.48,14.85,16.72,52.58,56.43,40.81,92.14,19.78,45.39,53.0,43.63,109.96,37.54,14.12,21.62,22.1
97,14.78,6.35,7.99,65.23,17.56,41.42,14.75,16.56,50.77,56.62,40.19,91.31,19.78,43.52,51.43,42.78,110.07,37.23,13.92,21.46,21.88
98,13.99,5.92,7.4,60.58,16.59,38.88,14.38,15.76,47.18,53.77,38.13,87.18,18.72,39.96,46.88,39.56,100.58,35.87,12.89,20.98,20.79
99,14.0,5.86,7.27,61.88,17.08,39.45,14.1,15.13,47.76,54.4,38.5,87.45,19.23,39.85,46.53,39.27,99.8,36.47,12.37,20.9,21.07
100,14.8,6.06,7.16,64.43,17.61,40.58,14.34,15.89,49.11,58.07,39.94,89.87,19.67,40.52,47.82,39.97,101.53,37.47,13.11,21.65,21.64
101,15.31,6.19,7.29,65.02,18.02,40.99,14.49,16.39,51.0,57.91,40.21,89.8,20.42,41.91,48.17,41.2,105.35,38.49,13.74,21.56,22.07
102,16.72,6.85,7.6,69.32,19.43,42.91,14.93,18.59,54.39,61.27,41.68,93.28,21.79,47.22,53.0,44.27,114.06,40.63,15.18,22.49,23.45
103,15.95,6.69,8.99,67.05,18.97,42.21,14.8,18.19,52.53,59.46,40.9,90.76,22.02,45.64,51.57,42.82,110.28,40.31,14.61,21.6,22.83
104,15.97,7.07,10.55,67.39,19.76,42.45,14.76,19.13,52.75,58.98,42.24,91.54,22.42,46.14,52.15,42.68,114.27,40.79,14.76,22.1,23.23
105,15.71,7.15,12.61,68.77,19.51,42.64,14.61,19.39,54.09,58.8,42.8,90.44,22.73,47.33,52.96,42.7,114.43,40.22,15.02,22.4,23.37
106,16.57,7.3,13.77,70.86,19.99,43.83,14.79,21.31,57.3,59.87,44.01,93.35,23.12,49.94,54.68,44.0,118.79,41.75,16.5,22.0,23.38
107,16.16,7.06,13.5,69.51,19.83,42.91,14.75,20.89,56.63,59.03,43.8,92.45,22.67,50.11,53.6,43.48,115.57,41.57,16.1,21.93,22.94
108,15.37,6.72,13.1,67.19,18.96,40.76,14.31,19.17,53.9,56.39,42.22,89.44,21.68,46.95,52.08,42.32,113.11,40.14,15.31,21.51,22.18
109,15.79,6.91,12.8,68.25,20.07,42.25,14.77,19.84,56.4,57.48,43.04,89.37,22.01,48.16,53.16,42.8,117.44,41.31,15.89,22.33,22.97
110,15.91,6.97,12.69,67.29,20.14,41.65,14.6,19.45,56.62,56.92,43.7,88.69,21.5,47.65,52.7,42.32,116.89,40.65,15.8,21.75,22.84
111,16.1,6.91,13.5,67.17,20.08,40.58,14.3,19.18,56.67,56.34,43.48,88.41,21.5,47.385,52.15,41.97,114.38,40.73,15.75,21.8,22.93
112,15.63,6.73,12.98,66.85,19.68,40.35,14.21,18.52,55.95,54.77,42.73,87.19,21.17,45.84,51.77,40.98,114.36,39.87,15.33,21.18,22.31
113,15.3,6.55,12.77,66.49,19.35,39.75,13.99,17.47,54.29,54.05,41.95,86.09,21.25,45.02,50.08,40.24,110.89,39.39,14.85,20.7,21.78
114,14.83,6.31,12.46,67.51,19.12,39.67,13.78,16.92,52.09,53.7,41.24,84.36,21.19,44.05,48.85,39.03,108.44,38.63,14.12,20.61,21.36
115,15.66,6.81,12.71,69.36,19.48,41.31,13.83,17.89,54.2,55.79,41.77,85.69,21.13,47.8,50.08,40.08,113.12,38.8,14.78,20.75,21.92
116,15.33,6.63,12.39,68.73,19.21,41.21,13.83,17.67,53.54,55.68,41.6,85.33,21.01,48.25,49.6,39.49,112.49,38.8,14.43,20.74,21.64
117,15.35,6.63,12.31,69.33,18.89,40.78,13.64,17.4,52.83,55.09,41.74,84.9,20.88,47.63,48.94,39.3,110.65,38.41,14.21,20.14,21.57
118,15.31,6.57,11.28,68.38,18.64,40.73,13.57,17.24,52.57,55.45,41.27,84.61,20.75,47.0,48.67,39.07,110.64,38.13,14.15,20.08,21.38
119,16.14,6.8,11.57,70.6,19.12,41.57,13.57,17.91,53.77,56.72,41.6,85.33,21.21,49.27,50.56,40.01,114.57,38.12,14.57,19.94,21.88
120,15.81,6.67,11.37,69.94,18.9,41.36,13.67,17.31,52.79,56.57,41.22,84.45,20.85,48.4,49.87,39.99,113.89,38.38,14.19,20.05,21.83
121,16.13,6.83,10.96,69.88,18.83,40.75,13.56,17.45,52.8,55.73,41.5,84.71,21.02,48.94,49.86,39.57,113.48,37.5,14.77,20.1,21.95
122,17.36,7.45,10.77,71.75,20.41,42.09,13.9,19.21,56.54,57.32,43.5,87.0,21.26,53.67,53.92,41.84,121.35,39.38,16.18,20.71,23.13
123,18.32,7.5,11.61,71.22,20.82,42.95,14.36,20.0,59.73,58.6,44.61,89.8,22.16,56.32,55.06,43.51,126.36,39.83,16.84,21.5,24.41
124,18.57,7.69,11.94,71.86,20.35,44.17,14.6,20.57,61.16,59.67,44.96,90.22,22.67,56.79,58.62,44.7,131.99,40.7,17.11,21.54,24.88
125,18.11,7.55,12.22,70.71,20.12,43.18,14.49,20.08,60.25,57.71,45.46,91.08,22.47,56.76,58.87,44.7,131.24,39.93,16.58,21.3,24.84
126,18.33,7.64,13.43,72.27,20.57,43.59,14.74,20.08,60.94,58.64,46.84,91.6,22.65,58.3,59.61,45.36,131.42,41.23,16.66,21.51,24.99
127,19.71,8.39,13.83,73.74,22.13,45.58,15.21,22.62,63.84,59.51,47.88,93.34,23.04,62.87,62.44,47.42,135.12,43.51,18.53,22.43,26.14
128,19.13,8.04,13.63,71.77,21.57,44.32,15.31,22.33,62.1,57.7,48.42,93.25,23.0,61.54,60.47,47.03,130.93,43.71,17.8,22.24,25.46
129,20.28,8.67,14.1,74.14,21.76,45.52,15.64,24.24,63.78,60.27,50.31,95.49,23.71,61.93,62.24,47.87,132.38,44.76,18.35,22.69,25.96
130,19.57,8.25,14.02,71.74,20.74,43.98,15.49,22.39,61.04,58.3,47.89,92.09,22.87,59.235,59.19,45.12,127.38,44.17,17.27,22.5,24.91
131,20.0,8.57,14.23,74.78,20.54,46.09,15.55,23.07,62.14,60.54,48.84,94.51,22.87,60.02,60.48,46.0,132.04,44.11,17.82,22.45,25.42
132,19.97,8.62,14.02,75.39,20.08,46.17,15.59,23.02,62.26,60.57,49.53,95.38,22.89,60.62,60.2,45.36,132.13,44.01,17.47,22.43,25.35
133,18.39,8.25,13.85,73.16,19.41,45.39,15.26,21.54,60.71,58.86,48.11,92.01,22.55,60.78,55.03,43.19,130.0,42.87,16.64,21.67,24.19
134,17.8,8.15,13.17,72.55,19.24,45.75,15.32,21.49,59.93,59.45,47.43,91.73,22.17,63.74,54.86,42.69,131.16,42.84,16.38,21.6,24.41
135,17.37,7.82,12.68,72.08,18.63,46.23,15.26,21.51,58.05,59.41,46.9,90.9,21.05,61.33,55.2,42.58,129.33,42.23,15.73,21.66,23.74
136,16.85,7.47,12.18,71.31,18.2,45.16,15.22,20.38,57.19,58.15,45.87,89.36,20.61,59.61,53.49,41.68,123.64,42.12,15.3,21.44,22.74
137,17.21,7.54,11.54,71.2,17.28,43.94,14.82,20.58,55.97,58.73,45.35,88.2,20.41,56.59,55.01,40.65,117.63,40.55,14.6,21.21,21.81
138,17.2,7.56,12.0,71.45,18.27,44.77,14.69,20.95,55.9,58.33,46.06,89.02,20.6,60.31,53.72,41.11,122.6,42.11,14.94,21.46,22.64
139,16.46,7.24,11.34,67.8,17.63,43.16,14.08,20.06,53.98,56.43,44.84,85.2,20.09,56.69,50.96,40.03,120.9,39.83,14.28,21.23,22.21
140,16.76,7.34,11.63,67.38,17.86,43.45,14.02,20.39,54.5,56.24,44.92,86.41,20.31,57.98,51.33,40.71,120.26,40.02,15.12,21.29,22.16
141,16.96,7.38,12.93,68.66,18.02,45.15,13.81,20.73,54.48,57.77,45.63,87.06,20.39,58.415,51.26,40.97,119.58,41.21,15.56,21.42,22.51
142,18.2,7.8,13.34,71.29,18.81,47.3,14.24,22.02,58.36,60.1,47.42,88.96,21.4,63.58,55.88,43.21,126.64,42.48,16.43,21.92,24.18
143,18.15,7.81,22.77,71.93,19.11,47.33,14.03,22.3,57.87,61.06,48.33,89.0,22.36,65.35,57.47,44.01,126.6,42.46,16.32,22.02,24.81
144,17.9,7.94,22.65,72.04,18.98,47.65,14.15,22.56,56.94,61.72,49.95,89.26,22.08,64.45,56.61,44.42,128.24,42.84,16.22,22.09,25.01
145,18.75,8.98,22.07,75.79,20.04,49.48,14.73,25.45,60.38,64.79,52.1,91.48,22.55,68.93,59.41,46.78,133.05,43.43,17.84,22.5,25.99
146,18.87,8.89,22.01,74.53,19.79,48.87,14.57,24.65,58.45,64.59,50.63,90.96,22.27,66.97,58.22,46.88,129.04,43.36,17.23,22.26,26.0
147,19.73,9.09,22.27,76.72,20.26,49.81,14.79,25.6,59.7,65.11,51.12,92.52,23.01,68.88,60.21,47.25,132.35,44.75,17.61,22.81,26.62
148,19.3,8.75,21.52,77.24,19.43,49.76,14.69,24.98,57.92,64.55,49.84,92.02,22.53,67.77,59.64,46.44,129.87,44.28,16.98,22.28,26.37
149,19.98,8.97,21.45,77.23,20.17,50.46,14.84,25.39,60.0,64.74,50.52,92.55,22.7,69.12,61.02,47.16,132.29,45.11,17.48,22.84,26.77
150,20.87,9.55,20.9,79.39,20.6,51.46,15.04,26.46,61.75,66.96,52.04,93.13,23.23,68.97,63.1,48.85,136.16,45.95,18.58,22.91,26.81
151,21.73,9.58,20.75,80.64,20.55,51.89,15.13,26.73,61.82,68.12,52.85,95.92,23.55,68.84,63.54,49.36,136.2,45.99,18.69,23.09,26.87
152,20.54,9.12,20.34,80.05,19.57,51.22,14.78,25.28,60.72,67.83,52.02,95.0,23.08,65.14,60.57,47.69,133.01,44.86,17.63,22.26,25.58
153,20.83,9.45,20.4,82.31,20.2,53.0,14.96,25.42,63.58,71.53,52.37,95.8,23.4,65.57,62.51,48.42,133.94,45.82,18.02,22.64,26.12
154,21.25,10.2,20.86,83.96,21.13,54.85,15.17,26.47,65.41,74.25,54.3,98.39,24.13,68.4,66.1,50.88,139.47,46.1,19.08,22.91,27.54
155,21.59,11.16,21.41,85.53,20.94,55.77,15.29,26.06,68.26,75.81,55.05,99.63,23.91,71.01,67.85,52.1,145.24,45.62,19.75,23.84,27.74
156,22.27,11.84,20.78,87.25,22.27,56.65,15.72,28.16,68.8,78.16,56.7,103.31,25.15,73.8,72.37,54.67,150.06,46.71,20.81,23.91,29.41
157,21.35,11.3,21.29,84.64,22.03,55.07,15.29,26.75,66.96,78.15,55.76,102.35,24.73,69.06,70.59,53.03,149.05,45.4,20.13,23.45,28.51
158,21.54,11.1,22.56,83.05,21.83,54.62,14.7,26.61,65.53,76.98,54.37,100.0,24.48,69.28,64.56,52.01,148.57,44.29,19.73,22.84,27.91
159,22.4,11.2,22.47,84.7,23.01,56.1,15.04,27.64,65.53,77.8,56.4,102.05,24.98,73.66,64.98,52.61,148.47,47.47,19.52,23.59,28.72
160,22.48,11.23,22.11,82.27,22.28,56.03,15.09,27.82,64.73,76.63,56.07,102.44,24.37,71.01,64.47,52.28,149.75,46.89,19.5,23.72,28.14
161,22.69,11.63,21.88,83.84,22.28,56.07,15.17,28.66,67.64,77.53,56.52,103.59,24.46,74.44,66.99,53.66,154.16,47.77,19.91,23.74,28.37
162,23.62,12.36,21.32,84.41,22.08,56.51,15.69,29.9,70.79,76.37,58.71,104.5,24.03,81.26,71.43,55.62,158.57,48.25,20.98,24.11,28.58
163,25.61,12.98,21.59,87.35,23.84,57.32,15.87,31.23,75.04,79.03,60.93,109.0,24.35,85.27,74.58,58.34,163.59,49.57,23.25,24.26,29.07
164,24.57,12.38,21.45,88.47,24.36,57.16,16.22,29.77,73.78,80.56,60.87,109.75,24.33,84.17,74.59,58.78,162.09,49.54,23.17,24.12,29.71
165,23.83,12.0,22.09,85.4,23.47,55.87,15.67,28.65,70.5,76.58,59.93,109.5,23.95,81.03,73.61,57.9,156.93,48.64,21.6,23.56,29.35
166,23.9,12.22,21.75,88.44,24.14,58.18,16.24,29.36,70.89,81.37,61.77,111.37,24.38,80.94,75.11,59.42,158.5,50.95,21.63,24.4,29.95
167,24.64,12.51,21.58,87.73,23.84,58.0,16.2,30.98,73.19,82.48,61.31,111.19,24.16,84.04,75.31,59.83,164.58,50.4,21.89,23.9,29.4
168,24.25,12.2,21.66,88.66,24.02,57.75,16.35,30.63,72.49,82.42,61.97,111.56,24.37,82.01,75.0,59.19,165.63,51.6,21.23,23.93,29.01
169,24.61,12.05,21.36,87.84,23.97,57.86,16.33,29.3,71.48,81.83,60.39,110.25,24.22,84.29,74.36,58.16,165.76,51.29,21.53,23.67,29.12
170,23.51,11.46,20.27,84.93,22.87,56.21,15.92,28.17,69.01,79.32,59.11,107.64,23.02,82.09,70.65,56.58,163.03,49.54,20.75,23.22,28.06
171,23.68,11.66,20.85,85.46,23.35,56.21,16.22,29.04,70.85,79.14,59.37,108.03,23.98,81.41,73.19,56.83,169.27,50.32,20.985,23.38,28.31
172,22.36,10.68,20.6,81.37,22.17,52.85,15.76,26.62,67.32,73.7,56.81,104.12,22.98,75.17,68.9,53.38,161.88,48.2,19.24,22.76,27.25
173,22.7,11.02,20.82,82.26,21.79,53.76,15.92,28.1,68.61,73.7,56.49,103.38,22.62,75.81,70.08,52.6,163.48,48.46,19.48,22.95,27.05
174,22.33,10.83,20.98,80.58,21.54,53.35,15.78,27.46,68.5,72.28,55.91,102.54,22.31,75.31,68.23,52.24,158.66,48.49,18.86,22.99,27.65
175,21.74,10.17,20.61,78.98,20.81,52.44,15.68,26.59,66.96,70.08,55.22,101.97,21.69,72.13,69.65,51.71,157.34,47.45,18.275,23.01,26.67
176,22.34,10.44,20.77,82.03,21.3,53.17,16.19,27.06,69.08,71.78,56.34,104.7,22.07,74.39,72.54,53.21,161.3,48.74,18.58,23.49,27.42
177,22.35,10.53,19.99,82.44,21.2,53.88,16.36,26.7,68.95,72.42,56.18,105.07,21.53,73.8,73.04,53.57,161.31,49.69,18.34,23.94,27.4
178,22.74,11.09,20.96,84.31,21.79,55.02,16.8,27.76,72.32,73.11,57.71,107.48,22.34,75.79,74.88,55.04,164.81,51.18,18.79,24.56,28.31
179,21.85,10.9,21.0,82.53,21.24,53.53,16.75,27.0,71.61,71.86,57.4,106.92,22.16,74.24,73.64,53.84,162.28,50.57,17.96,24.04,27.7
180,22.0,10.98,21.09,82.31,21.5,53.6,16.62,27.33,71.04,71.78,56.69,105.93,21.73,74.48,73.26,53.43,160.62,50.26,17.83,23.68,27.22
181,21.85,10.68,21.0,81.54,21.46,53.49,16.65,26.62,70.76,71.6,55.83,104.79,21.61,73.49,72.53,52.97,158.82,50.66,17.9,23.69,27.19
182,23.5,11.79,20.84,83.16,21.92,55.8,16.84,27.38,74.48,75.3,57.39,105.75,21.73,81.22,75.34,54.02,164.6,51.35,18.85,23.9,28.1
183,22.46,11.19,20.08,82.06,21.32,53.96,16.66,25.31,70.76,74.62,56.5,104.51,21.41,75.4,71.79,52.21,152.18,51.03,17.54,23.75,27.55
184,22.78,11.14,19.74,80.85,21.26,53.68,16.7,25.35,71.48,74.18,56.34,103.58,21.25,75.46,72.3,52.58,151.38,51.26,17.86,23.77,27.44
185,22.52,10.94,20.23,80.0,21.42,53.99,16.93,25.3,73.01,74.41,56.59,104.19,21.43,76.31,73.3,52.38,153.53,51.14,18.015,24.12,27.35
186,22.34,10.9,20.22,78.42,21.35,53.36,16.83,24.73,73.43,72.88,56.0,103.02,20.71,75.2,72.19,51.24,149.49,50.46,17.55,23.68,27.06
187,22.04,10.91,19.64,79.03,21.07,52.83,16.53,24.59,73.8,71.09,55.87,102.92,20.11,74.8,71.77,51.23,147.19,50.92,17.26,23.6,26.76
188,21.88,10.77,20.12,77.62,21.02,52.21,16.5,24.23,72.95,70.3,55.5,101.78,20.09,73.88,70.1,50.86,145.02,50.91,17.25,23.45,26.54
189,21.69,10.76,20.75,77.62,20.68,52.57,16.49,24.29,70.53,70.28,55.71,102.24,19.88,75.76,70.4,50.79,145.68,51.09,17.28,23.7,26.04
190,22.49,11.09,20.82,79.39,21.66,53.87,16.65,25.55,72.31,72.28,57.32,104.27,20.35,80.34,74.12,52.69,153.1,51.51,18.14,23.65,27.31
191,22.37,10.84,20.91,79.02,21.08,53.87,16.72,24.86,70.57,71.39,56.98,103.42,19.9,79.08,72.83,51.9,152.22,52.39,18.07,23.84,26.66
192,21.88,10.53,20.46,78.69,20.69,54.26,16.54,24.38,69.34,72.5,56.66,102.96,20.1,77.54,70.51,51.09,148.41,51.6,17.795,23.62,26.29
193,22.03,10.63,20.09,77.94,20.67,53.43,16.62,24.54,69.4,70.85,56.48,103.26,20.03,77.67,71.29,50.89,148.58,51.78,18.07,23.69,26.53
194,20.97,10.11,20.37,75.42,19.81,52.05,16.55,23.2,67.73,68.68,55.29,101.33,19.51,74.27,68.57,48.65,145.92,50.63,17.0,23.45,25.25
195,21.17,10.44,20.08,77.02,19.1,53.31,16.69,24.45,68.02,70.3,56.0,102.73,19.55,75.26,68.96,50.04,147.1,52.16,17.14,23.56,25.73
196,21.0,10.33,19.66,74.95,19.22,52.06,16.36,24.1,67.02,68.48,55.27,100.95,19.82,75.28,68.35,49.46,146.28,51.04,17.61,23.24,25.25
197,21.44,10.67,19.42,76.49,19.06,53.0,16.78,24.65,67.29,70.18,55.57,101.55,20.01,76.13,69.06,49.72,146.45,50.6,18.18,23.61,25.71
198,21.87,10.78,19.64,76.5,19.43,53.27,16.91,24.9,68.15,70.52,55.68,101.52,20.14,77.46,69.83,50.25,148.98,50.46,18.65,23.97,26.37
199,22.14,11.04,19.75,78.1,19.32,53.89,17.0,25.09,70.45,71.82,56.41,102.7,19.92,79.32,71.68,51.3,151.07,50.88,19.03,23.94,26.18
200,24.03,11.75,19.39,80.1,20.14,55.44,17.44,26.1,75.94,74.12,58.11,105.22,20.25,83.68,74.98,53.04,157.22,52.13,20.49,24.43,27.36
201,24.07,11.73,19.91,81.12,20.36,56.04,17.29,25.94,76.74,74.86,58.94,106.9,20.54,84.34,75.93,53.13,159.57,52.6,20.68,24.58,27.82
202,23.38,11.26,19.96,80.91,19.56,55.65,17.05,25.36,74.51,73.96,57.24,103.07,20.08,81.73,73.64,51.14,153.83,52.34,20.0,24.36,27.05
203,23.62,11.13,20.01,83.94,20.66,57.16,17.26,26.14,76.95,78.15,58.82,105.53,21.69,83.92,75.97,52.74,158.66,52.72,20.46,24.77,28.22
204,23.45,11.32,19.55,83.03,20.96,57.3,17.17,25.86,77.16,78.16,59.19,106.11,21.57,79.2,75.01,52.57,158.45,52.58,20.18,24.58,28.39
205,25.23,11.7,19.0,84.99,22.0,59.37,17.51,27.05,80.95,80.06,60.97,108.96,22.6,83.12,76.71,55.44,164.34,53.15,20.97,24.92,30.34
206,25.27,11.5,19.57,85.61,22.17,59.46,17.65,26.65,81.29,80.46,61.55,109.02,23.07,82.25,76.98,55.7,164.94,53.41,21.43,24.97,30.73
207,26.22,11.89,20.93,86.04,22.95,60.0,17.84,27.39,82.53,80.49,62.43,110.02,24.63,84.21,83.1,57.1,167.83,53.38,21.59,25.3,31.89
208,26.01,11.65,20.68,85.59,22.74,59.81,18.25,26.63,82.56,79.64,62.58,109.57,24.63,82.76,84.55,57.0,167.58,53.96,21.89,25.54,31.63
209,25.74,11.49,20.46,83.63,22.61,58.64,17.97,24.53,81.15,77.69,60.59,106.7,24.81,79.8,82.14,55.72,157.7,53.27,21.04,25.65,31.26
210,25.58,11.54,21.55,85.34,22.63,58.97,18.1,25.12,81.14,79.97,60.04,107.37,23.97,79.48,81.36,55.69,156.17,52.56,21.13,25.28,32.1
211,24.75,11.07,21.36,84.35,22.37,58.78,18.02,23.71,79.46,78.5,59.3,106.68,24.35,76.2,79.58,54.24,151.87,52.78,20.4,25.38,31.76
212,26.38,11.8,21.25,87.7,23.06,60.08,18.36,25.1,84.33,81.21,60.77,109.47,25.1,78.7,82.6,56.52,157.05,54.35,21.56,25.88,32.81
213,27.19,12.25,22.54,88.7,23.78,61.52,18.8,26.39,86.42,81.62,62.19,110.81,26.31,80.36,85.1,58.3,161.03,55.01,22.16,26.53,34.05
214,26.24,11.93,21.84,86.76,23.29,60.33,18.71,25.87,84.79,79.58,60.43,106.18,25.81,80.0,82.97,57.29,158.37,53.98,21.67,26.33,33.07
215,25.28,11.61,22.2,85.73,22.54,59.55,18.47,25.07,82.73,77.28,58.98,103.2,25.23,77.92,80.54,55.58,153.09,52.86,20.82,26.03,32.0
216,25.26,11.53,21.82,85.1,22.38,59.67,18.7,24.95,81.96,76.99,58.84,103.56,25.39,76.53,80.52,55.39,150.65,53.69,20.63,26.34,31.77
217,25.35,11.6,20.88,84.29,22.46,59.59,18.72,25.12,81.94,77.2,58.92,104.12,25.54,76.31,80.07,55.65,150.72,53.26,20.89,26.39,31.95
218,25.95,11.97,20.03,85.51,22.51,60.73,18.83,25.44,84.19,78.31,59.61,105.6,25.15,77.3,80.14,56.1,151.64,54.14,20.88,26.51,31.7
219,25.8,11.66,19.33,83.23,21.94,60.01,18.54,24.62,82.43,77.33,58.26,103.87,24.14,75.48,78.68,54.88,148.32,52.66,19.94,25.94,31.24
220,26.41,11.9,19.53,83.37,22.28,60.8,18.35,25.29,84.0,79.09,58.94,104.12,24.17,78.29,79.6,55.42,150.29,52.51,20.48,26.02,31.55
221,26.65,12.09,20.35,84.41,22.52,61.4,18.26,26.07,85.19,80.79,58.56,103.01,24.34,79.34,80.33,55.53,151.94,52.8,20.83,26.3,31.34
222,26.56,12.11,20.27,84.22,22.45,61.8,18.34,25.96,83.82,80.4,58.37,103.79,24.4,80.07,80.34,55.74,152.19,52.74,20.8,26.34,31.33
223,30.2,13.76,20.99,86.85,23.34,62.5,18.51,28.47,87.77,82.18,60.46,106.65,25.52,86.61,84.59,58.27,161.44,53.77,23.06,26.89,32.93
224,30.8,13.89,21.63,89.62,24.35,62.98,18.77,29.23,88.4,84.39,60.94,108.08,26.27,86.44,85.27,58.99,166.58,54.25,23.52,27.29,35.46
225,31.17,13.8,21.9,89.21,24.7,63.26,18.77,29.28,87.5,83.32,61.18,107.59,25.86,86.52,86.81,59.47,170.1,53.72,23.26,27.62,36.52
226,31.66,13.8,22.19,91.48,24.72,63.67,18.78,29.14,88.92,83.24,61.45,108.45,26.02,85.82,87.46,59.85,170.3,53.95,23.42,27.95,36.42
227,30.92,13.68,22.92,92.41,24.3,63.34,18.77,29.16,89.05,82.69,61.05,107.75,25.94,87.19,87.03,59.81,170.71,55.17,23.42,28.23,35.83
228,30.85,13.59,22.95,92.56,24.41,64.09,18.8,29.19,90.18,83.26,62.13,108.73,25.95,89.64,87.39,60.47,169.44,55.78,23.14,28.17,35.9
229,29.93,13.36,23.42,92.45,24.26,63.61,18.83,28.35,88.88,81.93,62.65,107.78,25.81,88.28,85.81,59.68,167.75,54.84,22.84,28.13,35.76
230,29.39,13.47,23.2,91.64,23.91,63.44,19.0,28.33,89.03,81.94,62.75,108.41,25.51,86.99,86.17,60.17,163.13,54.78,22.68,27.71,34.94
231,29.29,13.46,22.39,90.97,24.03,63.18,19.14,28.33,89.68,81.29,62.17,107.91,25.91,87.27,85.44,59.97,162.9,55.06,22.63,27.79,34.89
232,28.98,13.42,22.73,91.44,23.6,62.99,18.84,28.28,88.67,81.95,62.07,107.97,24.74,86.44,84.86,60.31,162.13,55.44,22.42,27.52,34.05
233,29.6,13.84,22.99,92.1,24.19,63.67,19.03,29.2,90.66,82.3,64.33,110.3,24.95,90.85,85.6,61.17,162.09,55.98,22.86,27.75,34.19
234,29.06,13.66,24.11,90.74,24.1,63.28,18.85,30.54,88.52,81.46,64.1,109.67,24.7,90.37,84.71,61.13,161.41,57.02,22.57,27.47,34.04
235,27.59,12.89,23.23,86.66,22.72,60.96,18.31,28.22,85.63,78.58,61.99,107.07,23.98,86.89,81.43,59.01,157.5,54.16,21.13,26.93,32.47
236,26.75,12.57,22.92,84.17,21.99,58.87,17.66,27.99,84.35,76.02,60.4,103.03,22.67,86.18,79.31,57.53,154.84,53.02,20.65,26.06,31.29
237,28.6,13.44,22.87,87.35,23.35,61.05,18.29,29.5,90.4,79.98,62.59,106.05,23.84,91.5,84.99,60.45,161.09,55.59,22.16,26.75,33.12
238,28.54,13.47,22.79,87.97,23.49,61.34,18.2,30.01,88.62,80.98,63.79,106.4,23.89,91.33,84.95,60.79,162.22,55.47,21.95,26.73,33.02
239,29.1,13.56,22.59,88.26,23.51,61.55,18.09,30.96,88.29,80.85,64.26,106.27,23.33,91.91,85.7,60.76,164.25,55.23,21.9,26.73,32.88
240,29.74,13.85,22.56,89.69,23.8,62.34,18.24,31.74,88.5,81.73,64.52,107.14,23.55,94.25,86.09,61.39,164.11,55.89,22.26,26.77,33.26
241,29.76,14.07,23.21,90.04,23.94,62.55,18.29,32.91,89.32,82.09,64.66,107.3,23.55,96.31,87.65,61.31,165.17,56.55,22.2,26.78,33.35
242,28.41,13.39,22.24,85.42,22.71,60.5,17.97,31.24,86.18,77.72,63.01,103.99,22.65,92.47,82.97,59.59,160.24,55.44,21.03,26.24,32.02
243,28.02,13.33,22.71,85.11,22.67,60.08,17.85,31.3,86.19,76.92,62.62,103.76,22.68,92.62,82.31,59.05,158.66,55.18,21.03,26.14,31.88
244,29.19,13.62,23.33,85.82,23.12,60.42,18.23,31.27,87.32,78.08,63.08,104.74,22.87,93.89,83.44,60.9,162.52,55.64,21.63,26.55,32.01
245,29.96,14.17,24.36,87.09,23.8,61.27,18.43,32.86,88.89,77.81,63.26,106.21,23.54,99.6,85.99,62.88,167.4,56.93,21.92,26.8,33.07
246,29.23,13.85,25.67,87.9,23.78,61.07,18.57,32.58,88.17,78.07,63.17,106.07,23.55,98.06,85.77,62.75,166.74,57.39,21.47,26.94,32.79
247,27.84,13.21,25.51,84.45,22.23,58.97,18.44,30.51,85.18,74.7,61.37,103.99,22.41,91.17,83.72,60.28,160.96,56.49,20.54,26.42,31.17
248,27.53,12.93,26.11,82.54,21.62,57.95,18.3,29.48,83.34,72.31,60.41,102.93,22.26,87.99,81.09,59.01,157.19,55.44,20.05,26.28,30.68
249,27.76,12.95,27.0,80.79,21.61,57.45,18.17,29.66,82.6,70.26,60.14,102.6,21.97,88.19,79.89,59.21,157.24,55.38,20.03,26.24,30.53
250,28.65,13.26,26.01,82.7,22.38,58.68,18.67,30.24,84.01,72.3,61.23,104.07,22.73,89.42,82.59,60.13,158.0,57.52,20.57,26.7,31.19
251,28.7,13.33,25.46,82.4,22.42,58.33,18.52,29.99,84.6,71.68,61.17,104.28,23.02,89.83,83.3,59.8,157.06,56.92,20.41,26.5,31.22
252,28.97,13.12,26.33,81.65,22.09,57.4,18.28,30.08,83.91,70.47,60.88,103.93,22.37,90.04,82.73,59.46,157.19,55.92,20.17,26.2,30.61
253,27.3,12.52,25.63,78.54,21.45,55.12,17.93,27.83,80.39,67.67,59.53,101.97,21.67,84.58,79.66,57.67,151.86,54.88,19.04,25.6,29.55
254,26.65,12.24,23.13,77.17,20.69,54.25,17.86,27.23,78.38,66.8,58.95,101.3,21.22,81.74,76.19,57.08,147.29,54.47,18.47,25.56,28.73
255,25.78,11.75,23.43,74.48,20.06,53.26,17.64,25.94,76.37,64.88,57.32,98.62,20.6,78.36,73.91,55.5,140.94,53.31,17.98,25.28,27.87
256,24.93,11.12,23.47,70.55,19.36,50.88,17.18,24.82,73.65,61.92,55.35,95.96,19.65,73.19,70.34,53.7,136.66,50.2,17.21,24.72,26.65
257,25.33,11.34,24.74,71.13,20.07,52.12,17.47,25.37,74.24,62.57,55.96,96.53,20.04,74.92,71.5,54.47,138.95,52.38,17.56,25.03,27.24
258,26.34,11.87,24.85,73.76,20.77,54.08,17.85,27.18,76.3,64.91,57.76,99.82,20.23,79.34,74.19,57.02,145.09,53.46,18.42,25.28,28.43
259,25.99,11.7,25.28,72.31,20.55,53.39,17.47,27.01,74.99,63.48,57.11,98.82,19.88,78.67,73.7,56.67,143.85,53.09,18.25,25.26,27.98
260,25.62,11.5,25.58,72.17,20.11,53.43,17.37,26.58,74.37,63.71,57.04,98.86,20.21,78.24,72.51,55.34,141.95,52.95,18.21,25.15,28.41
261,26.65,11.83,26.19,74.32,20.69,54.66,17.83,27.12,75.85,65.54,58.48,100.95,20.89,80.25,74.17,56.87,144.66,53.83,18.84,25.59,29.46
262,25.94,11.37,27.03,74.54,20.64,54.34,17.75,26.26,74.06,65.58,57.83,100.61,20.67,78.55,72.73,56.33,142.68,52.92,18.56,25.27,29.18
263,26.46,11.78,28.91,75.22,21.09,55.28,17.77,26.9,77.49,67.3,58.22,101.18,21.0,79.58,73.3,56.72,144.98,53.34,19.04,25.3,29.32
264,26.63,11.81,28.09,74.78,21.25,55.93,17.9,26.78,77.66,67.64,58.93,102.57,21.18,79.54,73.71,57.08,147.07,53.8,19.08,25.45,29.64
265,25.84,11.59,27.4,73.43,20.68,55.22,17.38,26.1,76.44,66.97,57.57,101.81,21.24,77.13,72.86,56.06,145.37,51.97,18.75,25.05,28.83
266,25.49,11.3,27.1,73.48,20.16,54.46,17.32,25.79,73.78,66.4,57.58,101.63,20.86,76.75,71.62,55.38,142.35,51.35,18.28,24.94,28.5
267,26.21,11.55,26.97,76.07,20.37,55.94,17.48,26.43,74.98,69.01,58.2,102.6,21.31,80.53,73.68,56.64,153.51,51.43,18.78,25.12,28.9
268,25.29,11.05,27.1,71.64,19.2,54.38,17.14,25.69,71.87,64.18,56.84,100.3,20.63,76.42,70.74,54.93,150.0,51.72,17.75,24.89,27.63
269,26.63,11.79,26.58,73.37,19.48,56.49,17.02,26.19,73.2,65.71,57.2,101.23,20.86,79.83,70.74,55.95,151.79,52.21,18.06,25.08,27.92
270,27.01,11.96,26.38,73.96,20.0,57.41,17.12,26.39,73.14,66.5,57.86,101.95,21.19,80.05,70.93,56.5,151.55,52.56,18.33,25.06,28.42
271,26.64,11.82,26.49,73.01,19.69,57.22,17.04,25.61,71.64,66.0,57.2,100.25,21.09,77.23,69.38,55.45,148.08,51.75,17.91,24.76,27.99
272,27.65,12.35,26.79,74.23,20.21,58.48,17.19,26.26,72.61,66.9,58.18,102.08,21.36,78.12,68.73,56.48,151.48,52.7,19.06,24.98,28.42
273,28.0,12.4,28.75,74.41,20.63,59.14,17.24,26.84,72.78,66.84,58.35,102.85,21.51,79.01,69.46,57.19,154.0,52.83,19.23,24.98,28.98
274,28.47,12.4,28.48,74.44,20.44,59.54,17.3,26.87,71.99,67.25,57.35,102.64,21.35,79.37,69.79,57.04,154.68,53.37,18.92,25.0,28.55
275,28.01,12.1,28.37,73.89,20.13,59.15,17.21,25.79,69.94,66.25,56.77,101.96,21.66,75.64,68.0,55.97,151.6,52.45,17.88,24.83,28.35
276,27.17,11.67,29.13,71.85,19.65,58.38,17.0,24.79,67.46,64.54,55.94,100.92,21.28,72.54,65.92,54.81,147.59,51.75,17.13,24.61,27.78
277,26.91,11.49,29.42,69.97,19.17,57.1,16.75,24.08,66.4,63.51,55.56,100.73,21.39,71.88,65.97,54.52,145.0,51.28,16.87,24.48,27.19
278,26.14,11.14,30.77,68.15,18.9,56.28,16.29,23.45,64.74,62.24,54.39,96.7,21.18,69.81,65.36,53.53,142.34,50.56,16.6,24.04,26.81
279,25.34,10.68,30.47,66.27,18.15,54.23,15.89,22.09,63.59,60.24,52.73,94.29,20.19,67.88,64.26,52.44,140.47,49.27,16.0,23.89,26.44
280,25.7,10.72,30.93,65.95,18.21,54.77,15.94,21.95,64.32,60.2,52.74,94.3,20.43,68.18,64.47,52.77,141.32,50.43,16.07,24.04,26.46
281,27.26,11.3,29.97,68.8,19.21,56.82,16.28,23.47,66.75,63.11,54.91,96.73,21.52,72.2,67.64,54.79,145.55,51.98,17.29,24.5,27.49
282,28.53,11.61,28.96,70.93,20.05,57.96,16.48,24.38,68.19,65.23,55.36,97.84,22.19,74.2,68.45,55.41,147.84,52.96,17.9,24.64,28.22
283,29.24,11.8,28.66,72.18,20.17,58.63,16.47,24.63,69.34,66.34,55.46,98.51,22.36,75.01,68.73,56.02,149.15,53.46,18.13,24.59,28.45
284,29.09,11.52,28.55,70.68,19.77,58.09,16.14,24.0,67.4,65.46,54.71,97.22,22.3,73.08,67.43,55.13,146.89,52.55,17.69,24.15,28.13
285,30.36,12.01,28.85,72.61,20.55,60.02,16.59,25.66,69.85,67.11,55.77,98.64,23.07,76.65,69.63,56.74,151.67,53.84,18.74,24.61,29.08
286,29.78,11.76,29.15,71.57,20.16,58.93,16.34,25.25,69.08,66.02,55.16,98.39,22.8,76.28,67.39,56.2,150.28,53.04,18.66,24.56,28.28
287,29.55,11.75,28.79,71.09,19.98,59.27,16.27,25.69,68.75,66.31,54.52,96.77,22.78,77.14,67.52,55.53,149.67,52.52,19.48,24.69,28.04
288,28.24,11.26,28.92,69.21,19.69,57.25,16.16,25.08,68.81,63.95,53.77,95.71,22.5,74.16,66.36,54.65,147.92,52.08,19.05,24.65,27.98
289,29.32,11.72,31.66,69.92,20.46,57.9,16.42,26.58,71.27,65.2,55.08,97.71,23.35,76.57,68.36,56.6,149.85,53.29,19.85,25.11,28.61
290,29.17,11.63,32.77,69.62,20.17,58.24,16.34,25.92,69.91,64.7,54.87,97.49,23.16,75.56,67.99,56.24,149.88,53.17,19.67,24.97,28.09
291,29.06,11.58,31.87,68.74,19.91,58.57,16.16,25.66,70.11,65.52,54.55,97.06,23.02,74.93,67.67,55.98,147.55,52.47,19.53,24.62,27.83
292,28.23,11.19,32.55,66.99,19.35,57.11,16.09,24.91,68.68,63.7,54.05,96.39,22.71,74.7,67.18,55.28,145.3,52.36,19.04,24.75,26.66
293,28.45,11.35,29.32,66.74,19.32,57.25,15.98,25.07,68.58,63.54,54.09,96.0,23.51,75.66,67.35,55.58,150.3,52.4,18.93,24.14,26.62
294,28.07,11.27,29.62,66.38,19.53,56.87,15.97,24.98,67.77,63.41,53.98,96.07,23.86,75.04,67.14,55.73,151.08,52.49,18.69,24.28,26.78
295,28.92,12.08,29.58,67.26,20.44,58.61,16.14,26.65,71.39,66.18,55.37,97.97,24.39,77.8,70.09,57.59,154.87,53.41,20.15,24.81,28.11
296,28.27,11.73,29.07,65.24,20.07,57.56,16.01,26.28,68.91,64.7,54.58,96.2,24.34,75.68,69.52,56.94,152.95,53.05,19.35,24.75,27.67
297,30.33,12.63,29.78,66.03,20.8,59.57,16.38,27.88,72.65,66.51,56.42,98.24,25.13,81.58,75.31,59.32,158.66,55.71,20.62,25.8,29.24
298,30.31,12.32,30.56,65.76,20.59,59.1,16.16,27.33,72.16,65.46,55.82,97.32,24.39,80.07,73.97,59.23,157.03,55.57,20.49,25.41,28.86
299,29.79,12.0,31.05,66.02,20.27,58.86,15.96,26.94,71.34,65.6,55.16,96.76,23.94,82.62,74.25,58.92,157.05,55.17,20.14,25.28,28.31
300,28.18,11.48,30.69,64.27,19.6,57.13,15.68,25.48,67.6,62.97,53.69,94.78,22.88,79.11,71.53,57.07,149.36,52.99,18.91,24.97,27.25
301,28.49,11.41,30.42,64.34,19.48,57.84,15.78,25.43,67.31,63.32,53.64,94.85,23.24,80.04,72.21,59.33,147.95,53.31,18.77,24.71,26.93
302,30.44,12.02,30.69,67.01,19.75,59.91,16.13,26.75,70.82,65.32,55.21,97.64,23.44,84.38,74.6,62.26,150.05,54.85,20.12,25.03,27.15
303,32.8,12.73,32.37,68.61,20.81,61.8,16.49,27.96,74.7,67.17,57.08,100.06,24.04,87.86,76.87,63.71,157.96,57.46,21.54,25.47,28.88
304,33.09,12.85,32.6,68.04,21.0,61.89,16.53,28.1,75.34,67.63,57.59,100.6,24.22,88.72,78.1,65.02,162.03,57.47,21.91,25.4,29.01
305,35.0,13.66,33.94,71.13,22.14,63.09,16.98,30.19,79.12,70.78,59.3,102.97,24.92,95.48,81.81,66.71,168.02,58.9,23.26,26.04,30.19
306,35.13,13.76,34.65,70.91,22.39,62.51,16.89,29.9,78.66,71.17,59.92,103.36,24.92,94.98,81.73,67.8,169.54,58.28,21.69,26.08,30.91
307,35.75,13.79,35.52,69.96,22.16,61.93,16.92,30.03,78.36,70.31,59.88,103.33,25.05,96.05,82.57,68.04,170.3,58.81,21.27,26.27,30.33
308,35.51,13.67,34.33,70.03,21.62,61.81,16.73,29.58,78.11,70.57,58.82,101.45,24.73,94.67,80.27,67.77,166.51,57.99,21.43,25.94,29.64
309,36.81,14.24,35.19,72.57,22.28,63.56,16.91,31.15,81.14,73.62,60.93,104.33,25.18,98.86,83.91,70.1,174.68,59.45,21.8,26.4,30.36
310,38.76,14.83,34.98,75.71,23.02,63.02,16.94,31.81,82.78,75.02,61.72,104.72,25.45,103.38,86.4,71.49,178.97,60.06,22.06,27.34,30.88
311,40.08,15.38,35.18,77.35,23.41,63.25,16.92,32.77,84.11,74.3,61.62,105.86,25.34,104.16,87.1,71.73,181.96,60.22,22.21,27.28,30.59
312,38.68,15.09,35.95,78.39,22.99,62.86,16.74,32.0,82.88,75.37,60.49,104.93,24.78,104.11,86.57,71.81,181.8,60.1,22.1,27.06,29.94
313,38.4,15.36,36.11,79.3,23.38,63.5,16.94,32.48,83.61,75.9,60.66,105.68,24.79,105.12,85.79,71.51,184.66,60.75,22.8,27.64,31.02
314,39.86,16.07,35.78,82.13,23.94,65.16,17.47,33.63,89.15,78.6,62.18,108.05,25.24,109.9,90.53,74.92,193.08,61.63,24.36,28.32,31.66
315,39.45,15.95,34.96,82.04,24.68,64.56,17.74,33.39,89.85,77.8,61.56,107.13,25.45,110.73,90.16,73.97,193.06,61.9,24.42,28.63,32.46
316,39.25,15.88,34.31,82.63,24.49,64.74,17.94,33.01,90.05,78.92,61.24,107.15,25.75,110.0,90.12,73.41,191.36,62.95,24.74,28.93,32.88
317,38.99,15.79,32.56,81.87,24.49,65.26,17.97,32.28,89.24,78.14,61.07,107.79,26.25,108.19,90.41,73.23,190.76,63.27,24.61,28.93,32.76
318,39.78,16.14,31.11,82.16,24.8,66.68,18.38,31.99,89.94,79.17,62.0,108.81,26.83,108.83,90.57,73.85,191.25,64.55,26.22,29.37,33.52
319,40.1,16.18,30.67,81.22,26.01,66.8,18.46,31.66,90.15,78.66,62.59,109.61,26.89,108.28,89.62,74.14,190.09,65.12,26.37,29.55,34.0
320,40.52,16.43,28.63,80.87,26.01,66.4,18.47,32.93,89.15,78.13,62.56,109.56,26.96,109.26,89.31,74.5,189.93,65.19,26.93,29.29,34.16
321,40.3,16.39,26.54,82.78,26.1,66.83,18.45,32.94,90.1,80.15,63.5,111.7,26.87,110.94,90.16,75.32,190.89,65.14,26.86,29.0,34.54
322,40.91,16.49,27.57,83.32,26.46,67.21,18.65,33.36,89.56,81.04,63.85,113.16,25.35,111.15,93.1,76.02,192.05,65.13,27.45,29.16,34.74
323,39.7,16.18,27.03,82.73,25.35,67.03,17.53,32.8,87.51,82.0,62.69,111.74,24.27,108.93,90.9,74.59,188.68,64.31,27.01,28.52,34.3
324,40.44,16.58,25.9,82.89,25.89,67.52,17.67,33.93,88.64,80.99,63.12,112.8,24.64,109.33,92.0,75.72,191.62,64.81,27.68,28.65,33.91
325,40.66,16.78,26.35,83.73,26.22,68.2,17.85,35.22,88.5,82.69,64.35,113.85,25.16,109.41,94.04,76.52,192.69,65.87,28.22,28.8,34.36
326,41.51,16.85,27.03,82.22,26.16,68.47,17.62,35.36,89.17,81.88,65.84,114.1,25.69,111.69,95.0,77.03,191.91,65.85,28.15,28.59,34.26
327,39.61,16.2,27.69,77.35,25.12,66.15,17.3,33.3,84.68,78.67,64.13,112.07,25.01,107.58,93.04,74.43,188.63,65.21,26.9,28.3,32.54
328,40.5,16.45,26.71,76.75,25.61,66.67,17.35,33.83,83.64,78.46,64.31,113.12,25.37,109.01,93.81,75.15,189.87,65.5,27.08,28.42,33.3
329,40.08,16.32,25.79,74.78,24.99,65.93,16.75,33.53,82.57,77.33,64.47,114.49,25.08,107.19,92.46,74.49,186.98,63.62,26.21,28.09,32.26
330,41.99,17.03,26.33,78.14,25.58,67.26,17.05,34.81,84.59,78.02,65.63,114.53,25.81,111.61,93.46,74.59,189.89,64.14,27.17,28.54,33.3
331,41.98,16.92,25.6,77.55,25.38,64.64,16.96,34.36,82.3,75.86,64.82,113.83,25.9,114.45,92.82,73.03,189.74,64.07,27.29,28.39,33.2
332,41.97,16.49,25.32,78.94,24.72,63.68,16.85,33.85,81.62,75.88,63.93,113.01,25.33,111.81,90.95,72.74,189.83,63.92,27.63,28.3,32.98
333,42.36,16.57,26.38,76.88,24.52,63.57,16.75,33.75,82.13,76.35,64.41,113.51,24.94,112.76,90.9,73.31,185.82,63.44,29.08,28.28,33.15
334,43.58,17.07,26.31,77.77,24.69,65.81,16.95,33.42,82.55,77.92,65.02,114.74,24.8,113.79,95.12,75.45,185.3,64.72,29.9,28.56,33.51
335,44.12,17.22,26.39,77.99,25.12,65.67,16.84,34.29,86.41,77.78,65.72,115.15,24.9,115.71,96.99,75.93,186.45,64.88,30.66,28.48,34.3
336,43.99,17.26,26.34,79.17,25.08,67.13,16.82,33.74,86.3,78.25,66.36,116.0,25.28,112.99,97.11,75.75,187.34,64.67,30.01,28.53,34.14
337,42.33,16.6,,77.53,23.83,65.52,16.7,31.82,81.8,76.86,64.19,114.15,24.08,107.16,94.29,73.0,182.28,62.86,28.73,28.15,32.73
338,42.72,16.73,,77.87,23.72,66.0,16.79,32.12,81.32,77.22,64.31,114.16,24.34,108.77,94.92,72.14,183.0,63.35,29.41,28.89,32.78
339,42.58,16.68,,77.47,23.57,65.8,16.68,32.08,82.18,76.58,63.82,114.23,24.36,109.95,94.84,72.36,183.24,63.09,29.45,28.64,32.76
340,43.18,16.75,,78.91,23.4,66.12,16.86,31.98,82.3,77.35,64.37,116.82,24.73,111.17,93.2,72.72,182.66,63.36,29.61,28.61,32.72
341,43.43,16.72,,76.99,23.61,64.84,16.66,31.84,81.33,77.94,65.02,117.28,25.22,110.18,91.9,72.64,183.07,63.16,29.62,28.22,32.89
342,42.29,16.09,,74.68,22.97,63.58,16.51,30.76,79.89,73.45,64.31,115.42,24.34,107.24,90.08,71.97,180.25,63.5,27.66,28.21,32.06
343,43.32,16.12,,73.71,22.76,62.7,16.28,30.64,80.74,72.96,63.61,114.45,23.93,107.96,89.62,72.72,179.71,63.55,27.58,27.97,31.86
344,40.6,15.31,,69.64,22.04,60.28,16.16,29.12,76.07,69.07,60.67,111.91,22.55,102.17,85.68,69.61,176.46,61.38,26.0,27.42,30.05
345,41.14,15.66,,72.19,22.29,61.69,16.11,30.01,77.61,70.65,61.51,113.91,22.65,105.47,86.71,71.89,180.48,61.94,26.53,27.6,30.34
346,43.44,16.51,,73.83,22.97,63.85,16.33,31.92,81.58,72.55,63.13,116.3,23.76,110.19,91.76,73.78,188.06,64.01,28.47,28.08,31.18
347,45.09,16.83,,73.87,23.22,64.55,16.52,32.01,81.65,72.95,63.48,117.19,24.12,114.2,93.05,74.83,190.25,64.81,28.61,28.55,31.41
348,42.7,15.7,,69.25,21.65,61.35,16.26,29.7,76.04,68.01,61.25,114.51,23.06,107.48,87.42,71.48,181.73,62.47,26.24,28.24,29.7
349,43.92,15.85,,69.86,22.25,61.78,16.01,30.06,76.07,68.17,61.59,114.85,23.53,109.93,88.39,72.15,183.36,62.46,26.83,28.01,29.65
350,42.06,15.49,,69.17,21.59,60.85,15.46,29.65,74.52,66.94,59.84,112.87,23.34,106.73,87.0,70.13,178.32,59.84,25.77,26.79,28.68
351,40.84,15.12,,68.67,21.15,60.91,15.27,28.95,72.86,67.31,59.79,112.1,23.42,103.0,85.35,69.2,174.3,58.65,25.25,26.64,28.38
352,41.59,15.58,,71.38,22.02,63.33,15.73,29.65,77.14,71.17,61.28,115.14,24.0,106.43,86.56,71.26,177.01,60.69,26.18,27.25,29.32
353,41.77,15.29,,70.0,22.0,61.67,15.59,29.16,75.88,69.71,60.89,114.41,23.94,106.0,85.99,71.11,176.89,60.01,25.58,27.11,29.24
354,42.36,15.6,,71.07,22.58,62.86,15.78,29.84,77.16,70.41,61.58,116.2,24.42,108.23,87.57,72.81,179.52,60.89,25.85,27.32,30.01
355,45.12,16.31,,72.48,23.4,64.23,16.23,31.12,79.97,71.63,62.27,117.92,25.13,115.59,90.56,74.57,185.74,62.68,26.89,27.76,30.76
356,44.91,16.19,,71.85,23.79,64.06,16.24,30.77,80.56,70.72,62.45,118.45,24.95,113.63,90.08,74.11,185.28,62.36,26.63,27.64,31.06
357,42.32,16.04,,72.3,23.49,63.34,16.01,30.24,78.75,70.31,62.61,118.14,24.87,110.33,88.88,72.55,183.09,61.73,26.03,26.62,30.62
358,43.42,16.22,,72.52,23.93,63.69,16.16,30.77,79.16,70.85,63.01,118.34,25.44,111.18,89.68,73.49,184.25,62.0,26.67,26.64,30.99
359,41.06,15.39,,69.64,22.71,61.81,15.93,29.23,77.06,68.22,61.63,115.88,24.56,106.61,88.03,71.02,178.88,60.2,25.28,26.24,29.83
360,40.34,15.18,,70.73,22.48,62.45,15.82,28.74,76.18,68.19,61.54,116.22,24.08,104.07,85.3,70.68,177.52,59.37,24.95,25.88,29.67
361,39.98,15.15,,70.52,22.27,62.48,15.87,28.52,75.39,68.24,61.27,115.56,23.83,103.75,84.81,70.71,174.16,59.56,25.1,25.98,29.31
362,40.36,15.36,,70.96,22.56,62.77,15.86,28.38,75.63,68.75,61.37,116.64,24.27,105.3,86.19,71.7,177.32,58.31,24.79,26.14,29.7
363,39.2,15.15,,71.8,22.11,62.45,15.6,28.04,71.62,68.69,60.03,113.6,23.68,102.43,84.0,68.61,173.69,57.85,24.38,25.79,28.97
364,38.26,14.86,,69.43,21.8,60.91,15.24,26.98,71.18,68.69,59.16,113.65,23.07,99.12,83.58,68.6,172.65,56.53,23.94,25.35,28.47
365,41.31,15.76,,72.14,22.66,63.42,15.66,28.6,74.5,71.32,60.5,115.47,23.79,104.9,86.35,70.68,177.93,57.91,25.34,25.66,29.45
366,42.29,16.04,,71.62,22.73,63.1,15.57,28.92,74.11,71.3,60.99,116.13,23.92,105.69,87.22,71.08,181.0,57.78,25.83,25.68,29.5
367,42.05,16.0,,71.9,22.71,63.04,15.64,28.85,73.49,71.73,61.02,116.41,24.22,105.94,87.18,71.19,180.03,58.02,26.07,25.85,29.57
368,44.61,16.56,,72.79,23.17,64.08,15.82,29.64,75.61,73.13,61.89,118.79,24.62,111.14,90.78,73.21,185.77,59.41,27.97,26.26,29.84
369,44.5,16.48,,73.93,23.05,64.37,15.86,29.48,75.28,74.5,61.69,118.56,24.58,110.16,90.22,73.12,183.81,59.4,27.93,26.16,30.11
370,44.2,16.57,,72.85,22.94,63.95,15.83,29.26,74.67,74.65,61.15,117.95,24.27,108.71,89.85,72.92,183.56,58.77,27.91,26.04,29.65
371,43.67,16.35,,72.45,22.76,63.43,15.8,28.97,73.96,74.28,60.79,117.43,23.95,107.31,89.18,72.28,181.28,58.48,27.06,25.92,29.82
372,44.05,16.42,,72.46,22.87,63.99,15.86,28.99,74.03,75.11,61.19,117.35,24.06,107.85,88.83,72.18,181.88,58.76,26.89,26.04,29.95
373,45.57,16.87,,75.74,23.99,65.66,16.35,31.06,76.79,77.14,63.54,119.26,25.04,111.84,91.16,73.77,186.89,59.99,28.06,26.5,31.72
374,47.66,17.61,,78.57,25.43,67.81,16.58,33.38,81.16,78.51,65.93,121.43,25.59,119.2,95.35,76.97,191.28,61.4,29.46,26.74,33.26
375,46.61,17.21,,78.32,25.18,68.24,16.67,31.81,80.83,78.2,66.75,122.22,25.68,118.11,93.6,75.65,192.92,60.64,28.4,26.8,33.26
376,48.37,18.03,,80.48,25.61,70.15,17.02,32.76,85.25,80.16,68.32,123.26,25.95,123.65,95.52,78.49,198.33,61.65,29.62,27.44,34.05
377,48.89,18.24,,81.96,26.02,70.93,17.27,33.21,86.62,81.0,68.88,125.03,26.12,121.52,98.16,80.64,199.07,62.46,29.67,28.01,35.03
378,48.5,17.74,,83.86,25.85,70.45,17.43,32.38,85.15,81.03,68.47,125.11,26.07,121.35,98.06,81.03,199.12,60.78,29.42,27.95,35.12
379,49.8,18.66,,86.15,27.24,72.69,17.61,34.7,90.04,83.85,71.35,127.97,26.96,124.36,102.2,83.59,204.0,62.48,32.0,28.87,36.48
380,49.9,18.71,,86.3,27.44,73.08,17.65,34.75,91.58,84.37,71.14,127.33,26.73,124.57,102.77,84.4,204.91,62.5,32.65,29.2,36.45
381,49.64,18.57,,86.78,27.93,73.12,17.57,34.15,90.61,83.36,70.63,126.8,26.27,124.08,102.0,83.62,207.3,61.65,32.09,28.93,36.17
382,50.39,19.47,,88.58,28.74,74.74,17.89,35.51,91.78,85.2,71.87,128.96,27.46,129.21,105.63,86.74,215.7,62.61,33.29,29.29,37.81
383,50.36,19.43,,88.66,28.6,74.55,17.7,36.03,92.18,85.64,73.08,129.38,26.8,125.94,105.67,87.51,216.09,61.42,32.97,29.59,37.54
384,48.93,19.1,,87.24,28.38,73.35,17.43,35.83,91.23,84.21,73.11,128.91,26.29,125.71,105.13,87.28,219.06,60.21,32.38,29.03,37.1
385,48.63,18.68,,85.5,28.14,71.99,17.43,34.95,88.97,81.41,73.27,128.45,26.72,121.91,103.5,85.63,215.0,59.39,31.25,28.77,37.05
386,46.12,18.1,,83.44,27.54,70.7,17.37,33.75,87.69,79.29,72.17,126.91,27.24,117.99,100.63,82.72,206.91,58.53,30.1,28.76,36.36
387,48.33,18.3,,82.83,28.59,70.39,17.32,34.01,88.74,78.59,72.79,127.18,27.07,119.42,102.31,83.02,206.0,58.63,30.54,28.27,36.6
388,51.26,19.5,,85.96,30.59,71.5,17.5,36.77,91.5,81.16,74.93,132.59,27.93,126.98,106.94,87.11,213.14,59.59,33.07,28.97,38.79
389,51.79,19.61,,85.05,30.8,70.98,17.52,37.06,87.74,81.3,74.17,132.69,27.52,127.4,107.53,87.06,212.45,59.85,33.11,29.21,39.8
390,51.74,19.85,,85.82,30.83,71.9,17.48,37.26,89.68,81.98,75.12,135.37,27.3,128.64,109.75,89.66,213.85,60.17,32.95,29.37,38.86
391,51.55,19.84,,84.25,31.36,71.8,17.2,37.57,91.0,81.41,75.28,130.61,27.16,128.72,109.7,89.22,215.37,59.29,33.17,29.64,39.68
392,50.57,19.47,,84.79,30.74,71.75,17.36,37.67,92.29,82.97,75.96,131.33,27.44,126.16,111.48,88.62,218.89,60.68,33.21,29.94,39.07
393,52.56,20.65,,87.66,31.37,74.02,17.41,39.29,93.5,86.55,80.83,134.79,27.5,130.21,113.18,91.54,224.22,61.87,34.71,30.52,39.52
394,53.24,20.97,,87.7,31.41,78.5,17.41,39.62,93.1,86.61,80.62,135.41,26.87,130.97,112.92,92.21,223.48,62.89,34.77,30.68,39.25
395,53.01,20.84,,87.22,31.22,76.97,17.27,40.0,92.0,85.09,79.68,134.2,26.36,129.39,111.78,90.87,222.76,62.07,34.54,30.31,38.58
396,52.87,21.5,,88.84,31.94,78.19,17.35,40.8,95.63,86.7,81.41,135.88,26.59,132.06,113.7,91.87,227.85,62.89,34.49,30.58,38.51
397,52.59,21.61,,90.29,32.51,79.83,17.46,41.0,95.23,89.63,82.39,138.55,27.53,130.18,114.69,92.94,226.48,63.26,34.09,30.71,40.27
398,51.19,21.11,,88.82,31.76,79.29,17.29,39.35,93.31,88.49,80.26,136.44,27.36,124.37,111.53,91.33,220.83,62.73,32.87,30.41,38.9
399,52.12,21.53,,89.45,32.65,79.79,17.37,40.3,93.31,88.84,79.0,137.79,27.65,128.88,113.31,92.95,221.82,63.64,33.43,30.47,39.4
400,52.22,21.41,,89.46,32.41,79.74,17.2,40.68,92.4,89.89,78.24,136.04,27.44,130.42,112.66,91.91,222.12,63.02,33.46,30.14,39.17
401,54.11,22.21,,93.2,33.52,81.19,17.54,42.98,96.2,92.0,80.21,138.81,29.14,135.57,116.75,93.52,230.88,64.51,34.14,30.71,40.62
402,52.26,21.21,,90.52,32.36,79.16,17.19,41.23,94.73,89.72,78.98,136.67,28.54,130.47,113.41,91.55,224.05,62.92,32.14,30.08,39.3
403,51.42,20.54,,88.42,32.52,78.41,17.01,39.85,93.19,88.53,77.99,134.26,28.79,127.88,110.9,89.68,219.18,62.43,32.23,29.86,40.09
404,53.85,21.07,,88.3,33.57,78.06,17.13,39.65,94.26,88.04,78.35,134.3,29.71,129.82,111.77,90.21,222.48,62.65,32.4,30.01,41.69
405,55.25,21.89,,87.04,32.97,76.96,16.76,39.86,94.2,87.04,78.23,133.61,29.43,129.69,112.6,91.16,230.13,62.6,32.39,29.69,41.11
406,54.78,21.87,,85.07,32.26,77.02,16.6,39.56,93.87,86.72,77.36,133.42,29.11,131.47,111.62,89.63,233.38,61.81,32.16,29.62,40.21
407,52.67,21.6,,84.1,31.46,75.63,16.54,38.32,93.87,85.84,76.46,132.4,28.6,128.03,109.53,87.83,223.2,60.16,31.04,29.51,39.55
408,53.55,21.74,,83.98,31.68,75.72,16.77,38.69,93.94,86.35,76.77,135.55,29.05,129.56,110.33,88.23,225.27,60.78,30.83,30.12,39.74
409,52.75,21.43,,83.48,31.47,74.46,16.67,38.92,95.26,83.84,75.8,134.85,28.72,127.89,110.1,87.73,225.9,61.53,32.31,29.96,38.32
410,55.2,21.88,,84.69,32.53,76.54,17.07,38.74,97.52,84.87,77.84,140.38,29.5,133.27,107.28,91.27,229.28,64.0,33.67,30.69,39.45
411,59.55,22.56,,84.24,33.53,77.87,17.4,43.73,101.06,83.51,78.42,144.0,29.38,138.1,114.92,94.86,239.6,65.3,35.63,31.28,39.24
412,59.25,22.89,,82.17,32.11,75.01,17.59,46.79,101.4,80.63,79.17,149.72,28.34,136.83,116.41,96.96,240.47,63.82,37.29,31.67,37.67
413,58.65,23.0,,84.31,32.93,76.99,18.14,48.37,101.78,83.62,80.53,154.14,30.39,136.67,116.74,98.04,242.25,67.09,37.87,32.69,39.24
414,58.85,22.89,,83.0,33.35,77.37,18.39,47.75,100.96,84.19,81.04,156.22,31.21,134.12,116.29,97.41,238.08,67.71,38.28,32.8,38.52
415,59.57,23.81,,84.3,34.13,77.73,18.84,56.15,101.17,85.98,84.09,158.65,33.22,137.8,118.75,100.27,241.16,68.42,39.48,33.47,38.94
416,59.89,24.33,,82.6,36.24,74.54,18.72,55.38,97.12,84.01,87.12,162.04,34.78,134.44,120.15,101.27,236.63,68.51,37.92,33.4,42.1
417,59.48,24.09,,84.31,36.76,76.22,18.67,54.6,96.62,90.54,87.78,170.53,34.8,134.44,117.81,98.8,237.37,66.74,38.63,32.86,45.08
418,58.94,23.4,,79.35,34.84,75.43,18.33,57.5,96.7,87.14,82.79,166.27,33.81,130.05,113.77,96.21,230.4,66.61,38.7,32.5,42.56
419,60.57,23.88,,81.21,37.95,77.93,18.55,58.13,98.12,89.58,85.36,170.82,36.74,134.07,119.88,99.72,237.75,67.51,40.04,32.49,43.4
420,58.64,23.17,,80.77,37.41,78.51,18.1,57.95,94.61,91.67,84.92,170.9,37.64,129.67,116.68,98.41,232.49,66.06,39.05,31.9,42.9
421,52.69,22.18,,78.27,36.36,76.66,17.54,55.59,94.21,90.55,81.88,166.72,36.98,126.19,115.84,96.55,229.34,64.52,37.58,31.07,41.55
422,53.01,21.65,,75.34,34.8,74.4,17.32,54.53,93.08,84.41,77.22,158.28,34.87,124.56,113.82,95.05,227.79,64.26,36.7,31.04,39.26
423,52.46,21.59,,76.5,34.0,74.86,17.25,52.99,94.75,84.94,76.93,157.71,33.65,125.63,113.0,94.82,230.31,64.66,36.85,31.26,37.88
424,57.52,23.07,,77.55,35.89,77.15,17.56,58.01,97.14,89.09,78.98,160.44,34.98,133.88,117.87,98.83,241.39,66.86,39.43,31.53,39.51
425,58.27,23.08,,78.76,36.04,78.32,17.36,56.24,97.41,90.43,78.67,161.73,35.29,131.45,115.8,99.6,239.86,67.0,39.11,31.46,39.73
426,61.44,25.05,,80.63,37.58,79.98,18.07,60.96,103.85,94.26,82.2,164.64,36.22,139.88,122.46,102.76,251.18,68.52,40.88,32.5,41.19
427,60.63,24.66,,79.79,37.09,79.25,17.93,59.64,101.59,93.59,81.84,164.09,36.54,137.35,120.83,101.77,251.32,68.3,40.52,32.12,41.2
428,61.67,25.58,,80.27,38.07,80.46,18.12,59.84,106.22,95.52,83.13,165.86,37.59,142.64,123.55,104.37,254.82,68.97,40.71,32.71,42.41
429,61.54,25.53,,81.12,37.68,81.39,18.3,57.75,106.51,96.44,83.38,166.3,38.29,143.19,121.01,104.54,251.26,70.43,40.78,32.93,42.64
430,62.5,26.04,,83.85,38.9,82.23,19.07,58.71,109.08,97.25,85.2,169.31,38.72,146.51,124.51,107.5,256.71,72.27,41.53,33.88,43.68
431,60.45,25.29,,82.29,37.32,81.97,18.75,56.64,107.42,96.37,82.81,166.35,37.0,140.7,120.86,103.5,253.0,71.04,39.85,33.3,41.73
432,60.51,25.0,,83.47,37.85,83.14,18.89,56.79,107.69,96.68,82.37,164.32,36.67,138.73,120.63,100.69,253.41,71.24,40.96,33.44,42.63
433,60.56,25.5,,87.44,38.52,85.35,19.09,57.48,108.56,100.5,83.78,165.48,37.35,139.15,121.09,101.1,257.93,71.71,41.2,33.65,42.21
434,59.13,25.11,,86.39,37.87,85.5,18.91,56.74,107.04,101.54,82.59,162.83,36.41,137.08,119.23,100.0,250.03,70.63,41.33,33.41,41.31
435,60.35,25.75,,85.96,38.58,84.81,19.22,58.11,108.99,101.27,83.12,164.22,36.42,138.44,120.33,100.58,253.15,71.43,42.22,33.83,41.69
436,60.85,25.68,,86.67,38.77,85.07,19.3,57.79,109.71,100.74,83.16,164.37,36.43,139.59,120.83,100.55,252.75,71.17,42.98,33.73,41.55
437,58.47,24.8,,85.91,37.53,84.71,18.92,55.72,107.63,101.46,82.73,163.36,35.52,135.48,117.83,98.05,244.48,69.84,41.69,32.98,40.46
438,58.34,24.42,,85.68,37.35,85.57,19.01,56.1,106.85,103.3,83.65,164.81,35.72,135.06,118.45,97.54,241.98,70.8,40.81,33.4,40.78
439,60.23,24.93,,83.08,37.75,85.85,19.27,57.68,108.18,103.33,85.05,167.1,36.12,136.95,120.62,99.96,244.39,70.89,41.0,33.65,40.97
440,62.37,25.9,,84.25,39.94,86.9,19.48,61.8,112.89,103.22,86.84,169.93,37.52,141.99,126.88,103.05,254.11,71.61,43.02,34.42,42.55
441,60.03,25.22,,82.49,39.06,84.88,19.26,57.92,111.76,100.9,83.85,165.56,36.47,135.11,121.34,97.98,246.49,70.26,41.07,34.4,41.33
442,62.26,26.27,,81.97,39.53,85.8,19.14,59.14,112.6,100.79,85.6,169.01,36.32,139.18,124.57,100.0,252.53,70.81,42.18,34.79,41.53
443,63.75,26.57,,83.14,40.19,87.59,19.29,59.62,114.63,103.94,86.81,171.67,37.22,140.34,123.56,100.23,255.42,71.3,43.61,35.05,42.57
444,62.56,26.61,,82.85,40.76,87.2,19.37,59.34,114.72,104.86,87.83,171.59,37.29,138.44,122.94,101.37,254.75,71.3,43.68,35.52,43.25
445,63.54,26.88,,87.16,41.64,90.11,19.55,61.37,115.71,110.35,88.55,173.89,37.43,140.0,123.32,103.47,256.67,72.5,43.98,35.31,43.68
446,63.0,26.78,,89.55,41.31,90.44,19.6,60.38,114.38,107.74,87.76,171.83,36.74,137.92,121.76,101.56,250.82,72.17,44.39,35.41,43.43
447,64.61,27.65,,88.87,39.6,90.98,19.77,61.47,114.88,108.07,87.96,172.53,35.33,141.9,122.69,102.67,253.34,73.62,44.33,35.92,42.68
448,61.15,26.09,,85.95,38.95,88.74,19.79,59.2,110.17,104.91,87.03,164.58,32.91,137.35,119.49,98.67,243.0,71.47,42.19,35.68,40.65
449,58.07,25.0,,83.62,37.69,87.08,19.15,56.62,106.45,103.05,85.13,160.95,32.2,130.1,116.12,96.01,236.24,69.28,40.71,35.1,41.65
450,56.18,24.14,,81.02,35.33,84.26,18.61,54.92,102.62,100.88,82.26,157.49,30.74,125.82,111.77,91.66,231.14,66.3,39.08,33.9,38.69
451,56.4,24.08,,81.88,35.12,85.47,18.44,54.82,101.48,105.14,82.29,156.53,31.35,125.39,111.59,91.32,228.69,65.27,38.62,34.31,39.54
452,58.07,24.66,,83.01,35.94,87.25,18.4,55.59,102.75,109.51,84.64,156.24,31.28,126.64,112.81,93.06,231.63,65.5,39.97,34.32,39.95
453,59.89,25.46,,87.21,36.72,89.69,18.81,57.03,105.15,115.53,87.2,161.79,31.97,129.47,117.77,97.55,234.98,66.92,41.45,34.83,40.11
454,58.17,24.92,,86.76,35.62,87.26,18.15,55.09,103.07,111.48,85.25,156.67,31.02,126.23,116.76,95.52,232.47,63.33,40.93,34.29,39.01
455,58.35,24.95,,89.18,35.96,89.12,18.18,58.3,102.38,116.6,86.41,159.75,30.91,127.5,116.31,95.92,235.84,63.87,40.61,34.4,39.11
456,64.28,26.25,,90.79,36.67,92.65,18.68,59.24,106.86,121.4,88.19,162.49,31.5,136.11,120.76,98.93,243.7,65.12,42.52,35.31,40.15
457,67.74,27.69,,96.17,38.08,96.35,19.28,61.57,111.49,128.23,91.7,167.59,32.84,142.49,124.77,103.86,252.78,67.35,45.2,36.89,42.6
458,67.15,27.68,,94.52,36.69,94.1,18.85,62.29,109.57,125.83,90.31,166.26,32.02,138.59,123.42,102.86,256.48,64.05,41.3,35.91,42.08
459,69.69,28.15,,96.36,37.35,95.92,19.3,64.94,117.25,129.18,91.69,170.69,32.13,142.93,132.22,107.69,270.18,65.6,44.11,36.67,43.03
460,62.02,24.2,,89.48,33.36,90.86,18.6,57.84,106.73,118.45,84.46,159.25,30.05,129.49,117.94,97.2,244.39,61.71,37.53,34.74,38.04
461,63.76,24.39,,89.57,34.3,91.72,18.52,59.41,105.77,120.97,85.02,160.78,30.82,129.84,119.56,98.0,250.54,62.48,37.38,34.18,37.89
462,64.68,25.17,,91.2,34.69,91.96,18.52,60.1,109.69,120.42,86.79,163.16,32.49,125.27,121.29,99.04,249.73,61.78,38.3,34.46,38.37
463,64.61,25.13,,91.19,34.56,92.74,18.43,59.22,108.39,120.41,86.3,164.71,31.91,127.04,120.51,99.6,252.0,62.79,38.03,34.62,39.03
464,68.7,27.0,,94.6,36.1,95.88,18.74,64.08,114.27,124.7,88.86,167.87,34.11,133.43,124.28,102.91,261.89,64.65,41.15,34.79,40.74
465,70.99,27.98,,97.08,37.57,96.47,19.39,67.72,116.97,127.78,90.95,173.01,34.93,131.3,126.36,105.5,268.78,65.19,42.41,35.44,42.14
466,72.58,28.36,,97.72,37.88,97.55,19.74,67.94,118.37,128.06,92.11,174.03,35.16,131.45,127.42,107.02,276.53,66.57,43.14,35.9,42.95
467,69.92,26.77,,95.52,36.0,96.21,19.3,64.3,114.19,124.68,90.65,168.06,34.64,128.36,122.58,104.48,271.08,64.79,40.45,35.23,41.13
468,69.51,26.88,,95.33,36.06,95.76,19.02,63.96,113.43,124.26,91.14,166.86,34.97,129.82,121.7,104.61,265.42,63.29,40.82,35.02,40.85
469,69.92,27.26,,93.79,36.7,96.56,19.03,63.26,113.34,122.98,91.86,167.82,34.55,130.28,122.05,105.02,266.48,63.54,41.66,35.38,41.12
470,71.06,28.13,,95.08,38.33,96.91,19.16,65.42,116.97,123.96,93.89,171.72,35.71,136.11,128.07,109.02,272.0,63.56,44.15,36.02,43.81
471,70.39,28.08,,96.77,38.48,97.3,19.14,65.07,117.73,124.21,94.4,172.64,36.28,135.78,129.25,109.48,271.25,63.73,43.62,36.21,43.9
472,71.94,29.01,,99.08,38.78,99.02,19.39,66.39,119.27,127.34,96.3,175.41,35.72,141.75,133.07,111.2,277.86,65.14,45.55,36.69,45.05
473,73.81,29.75,,98.68,40.16,99.48,19.62,68.66,120.67,128.12,96.64,176.59,37.1,146.43,133.72,113.15,279.99,65.82,45.84,36.92,46.69
474,75.8,31.07,,101.73,41.36,102.1,19.94,70.86,123.28,131.81,97.59,178.28,37.18,152.66,136.85,114.6,280.0,67.05,47.62,37.46,48.21
475,74.9,31.43,,100.81,40.5,101.79,19.69,69.31,123.07,129.6,96.0,174.66,35.98,152.02,136.96,112.36,277.94,65.85,47.01,37.06,45.96
476,76.48,31.38,,103.18,41.4,103.91,20.02,70.42,127.45,132.55,97.84,176.32,37.41,152.89,139.93,115.75,277.82,66.85,47.62,37.43,46.68
477,76.31,31.2,,103.0,41.04,104.27,19.96,69.3,126.25,133.62,97.67,176.0,36.91,153.9,139.44,114.96,275.29,67.41,47.47,37.74,46.3
478,77.02,31.68,,104.46,41.95,105.62,19.93,70.29,127.89,135.42,99.09,177.6,37.82,154.66,142.48,118.12,279.47,67.27,48.3,37.51,47.47
479,77.05,31.41,,106.02,41.32,109.39,19.79,69.61,126.61,138.69,98.84,176.83,37.68,155.81,141.11,117.38,278.74,67.14,48.55,37.41,47.22
480,78.04,32.17,,109.92,42.53,113.65,20.14,70.55,129.09,145.08,103.37,180.2,37.66,160.4,145.93,122.71,285.28,69.14,51.39,37.82,48.93
481,77.93,31.93,,110.25,42.97,112.87,19.86,69.03,129.64,143.77,104.59,181.13,37.49,160.31,145.74,121.86,283.89,68.49,51.17,37.49,49.57
482,77.85,31.25,,108.27,42.21,111.36,19.29,65.18,126.86,143.41,102.33,177.52,36.08,157.83,142.49,118.56,276.78,66.19,50.04,35.59,48.14
483,74.06,30.29,,106.31,40.49,108.34,19.03,63.87,127.72,140.51,100.46,175.4,35.23,155.49,144.0,116.83,270.87,64.74,48.81,34.89,47.21
484,69.24,28.39,,101.44,37.53,102.17,18.13,59.83,121.54,131.61,95.85,167.33,33.3,147.8,132.73,111.76,261.37,61.1,45.57,33.12,44.32
485,70.59,28.79,,104.13,36.67,102.67,17.89,62.09,120.07,133.75,96.1,167.55,32.93,149.63,131.26,111.49,264.55,60.39,46.0,32.34,43.22
486,68.46,28.07,,102.38,35.61,98.9,17.6,60.28,117.16,128.3,94.89,164.26,31.74,146.76,127.46,109.33,258.21,59.69,45.63,31.75,41.52
487,63.27,25.66,,96.5,33.47,91.98,16.7,56.81,108.71,118.74,91.39,155.48,29.89,133.68,119.56,102.42,241.5,55.73,41.76,30.45,38.48
488,58.02,24.15,,90.51,31.69,87.29,16.05,55.68,102.87,112.44,86.12,148.38,29.97,122.29,111.67,93.74,221.77,53.39,39.22,29.74,36.64
489,60.56,24.9,,95.98,33.55,91.36,16.65,57.87,107.74,116.47,91.48,154.59,30.48,132.28,117.65,99.28,237.55,55.54,40.35,30.93,38.82
490,57.55,23.1,,90.51,32.09,89.06,16.34,55.77,103.34,113.13,87.86,147.87,29.52,126.1,110.77,93.06,228.81,53.82,37.5,30.57,37.52
491,54.74,22.02,,84.39,30.04,84.63,16.24,56.09,99.36,104.53,85.21,142.43,28.66,119.24,107.17,87.89,223.67,53.31,36.21,30.41,34.98
492,53.77,22.05,,84.2,30.95,85.68,16.48,57.52,101.69,103.93,86.9,144.77,28.47,119.7,110.59,90.91,223.48,54.57,36.45,30.05,35.06
493,57.79,23.12,,87.2,32.23,87.94,16.83,58.9,106.96,112.24,89.03,147.57,29.44,124.39,113.76,92.23,230.17,56.67,37.47,30.59,35.89
494,59.46,24.13,,88.85,33.19,88.69,17.2,61.71,112.92,116.25,91.5,149.94,30.07,129.8,118.31,95.22,235.33,56.98,38.77,31.74,36.97
495,55.82,22.79,,84.58,32.18,84.48,16.92,59.1,109.33,108.85,88.12,146.98,29.63,122.31,113.22,91.46,226.18,56.13,36.1,31.51,36.18
496,55.11,22.48,,81.99,31.36,82.21,16.76,58.88,105.94,106.28,85.64,144.78,28.87,121.15,110.44,89.81,223.08,55.5,34.9,31.21,35.76
497,55.11,22.55,,84.37,31.43,84.48,16.98,60.44,105.39,107.98,87.55,146.51,29.09,121.21,111.62,90.98,223.94,56.75,35.35,31.29,35.65
498,51.89,21.13,,80.39,28.89,81.74,16.58,59.11,98.19,103.59,84.81,142.66,28.2,114.14,104.82,84.64,215.14,55.1,32.73,30.16,33.33
499,51.0,20.68,,79.53,28.41,79.31,16.36,59.11,95.55,101.71,83.28,140.78,27.5,110.28,100.91,83.34,210.93,54.23,32.01,29.72,32.73
500,53.67,21.83,,82.54,29.89,83.43,16.89,61.47,99.91,106.34,85.94,143.52,28.47,116.3,105.07,86.35,216.67,56.51,34.51,31.18,34.38
501,54.48,21.72,,82.01,29.84,83.27,16.97,60.67,100.18,107.03,86.08,142.77,28.47,116.33,105.52,86.46,217.5,56.82,34.85,31.32,34.32
502,53.32,21.32,,81.76,29.36,83.63,16.86,59.52,98.4,107.79,85.64,141.51,28.2,114.39,103.7,85.55,213.61,55.78,34.21,31.76,33.37
503,51.93,20.66,,80.51,28.6,82.75,16.65,57.37,94.58,104.86,84.5,138.92,27.49,110.41,99.49,83.45,210.34,55.0,32.43,30.95,32.73
